image_id,label,split,hemoglobin_g_dl,severity,age_months,gender,hospital,region,country,source_sha256,processed_path,brightness_mean,contrast_stddev,source_width,source_height
Image_001,anemic,train,9.8,Moderate,6,Female,Nkawie-Toase Government Hospital,Ashanti,Ghana,89097840724fc79b13bb6cdf3dff3b4571b21fb1438a67c646f79cbeba39bef8,train/anemic/Image_001.png,7.65,44.04,365,91
Image_002,anemic,test,9.9,Moderate,24,Male,Ejusu Government Hospital,Ashanti,Ghana,4ea3eb64d07d6ccb89e38509385ab327518ab0d484a49c27c6cd6b09f98418de,test/anemic/Image_002.png,17.24,68.45,429,224
Image_003,non_anemic,train,11.1,Non-Anemic,24,Female,Ahmadiyya Muslim Hospital,Bono-East,Ghana,62514d22bba9a554e7da406085d852b70466d72bac2e4dea3f2040ea9f7e693c,train/non_anemic/Image_003.png,31.35,90.7,226,190
Image_004,non_anemic,test,12.5,Non-Anemic,12,Male,Ahmadiyya Muslim Hospital,Bono-East,Ghana,c5e9afc6009c72882a5cb35441b683d05ca8f1a0070d89becd69aeb37b06c818,test/non_anemic/Image_004.png,28.55,90.63,271,214
Image_005,anemic,train,9.9,Moderate,24,Male,Sunyani Municipal Hospital,Bono,Ghana,1d61df9cce90b958b3a7e9aed2d427096c46f94e5d371e37d43643847aadf202,train/anemic/Image_005.png,10.1,47.44,291,105
Image_006,non_anemic,train,12.5,Non-Anemic,24,Male,Sunyani Municipal Hospital,Bono,Ghana,2803471e0adbb2d7b043ae2985f50f39ffba4ca52b0a0f8105be3228a50724c7,train/non_anemic/Image_006.png,24.05,83.07,220,100
Image_007,anemic,train,9.9,Moderate,48,Female,SDA Hospital,Bono,Ghana,50145f9f86e72127776acbafd0849a1d9c239bbb27ab58ce837aa7c7730ee962,train/anemic/Image_007.png,14.04,51.72,318,232
Image_008,non_anemic,train,12.5,Non-Anemic,48,Male,Nkawie-Toase Government Hospital,Ashanti,Ghana,918457e089bb09bca8a7c6ba312f7697d8b0882ff76a2d1f60452366041c8654,train/non_anemic/Image_008.png,38.82,98.66,141,112
Image_009,anemic,train,9.9,Moderate,36,Female,Kintampo Municipal Hospital,Bono-East,Ghana,15a7265451a0aef130f460d3cc152c270a89400cf877b6fae56000f7fd39956d,train/anemic/Image_009.png,11.11,53.19,277,90
Image_010,anemic,train,9.9,Moderate,36,Female,Kintampo Municipal Hospital,Bono-East,Ghana,9109234580aa47296f917c2382152c25032ac58ac13eaa164380c48456e5bf10,train/anemic/Image_010.png,13.85,58.44,309,151
Image_011,non_anemic,train,12.4,Non-Anemic,60,Male,Bolgatanga Regional Hospital,Upper East,Ghana,7fc572d93512a7a92f6c331bec913613e6d9244c087dd8439907f4e337890b51,train/non_anemic/Image_011.png,15.78,60.6,174,42
Image_012,non_anemic,train,12.5,Non-Anemic,36,Male,Komfo Anokye Teaching Hospital ,Ashanti,Ghana,10273edaa51d05cee04e526e07a26d0ce04cb98f0832ad89620fdb1ee7b9b91a,train/non_anemic/Image_012.png,29.49,87.99,157,106
Image_013,anemic,test,9.9,Moderate,24,Male,Ejusu Government Hospital,Ashanti,Ghana,1cbe357fb677c08791d6b989937d6c21cf6f782611763af9660c9f644a59adce,test/anemic/Image_013.png,9.91,52.59,264,82
Image_014,non_anemic,test,12.4,Non-Anemic,48,Male,Komfo Anokye Teaching Hospital ,Ashanti,Ghana,52d6583163f21236c1b89fb230eb71a06de087bcc125241d1f16812fd19945d7,test/non_anemic/Image_014.png,21.33,78.23,350,227
Image_015,anemic,test,9.9,Moderate,60,Male,Nkawie-Toase Government Hospital,Ashanti,Ghana,490825bec9bc51602a83e55b054227ac9a926307b930aebe05ac660e1ec48b1f,test/anemic/Image_015.png,9.65,47.81,223,72
Image_016,anemic,test,9.9,Moderate,24,Female,Bolgatanga Regional Hospital,Upper East,Ghana,c00452a3bff3a73b391009a1f0ed18c9f3304db6d5129033bcc79b5aa51ade2f,test/anemic/Image_016.png,17.46,63.24,201,79
Image_017,anemic,train,9.9,Moderate,24,Female,Ahmadiyya Muslim Hospital,Bono-East,Ghana,f80feec84e11cecad7ed8e93719cbaa80a800114547924a87b8ef0a9468948a7,train/anemic/Image_017.png,22.46,76.71,279,111
Image_018,anemic,train,10.93,Mild,48,Male,Kintampo Municipal Hospital,Bono-East,Ghana,4328497af6437d23b51ab2bcaf93b698179cfde6673a19c75ee1094a83775929,train/anemic/Image_018.png,12.03,51.4,301,109
Image_019,anemic,validation,10.9,Mild,48,Male,Komfo Anokye Teaching Hospital ,Ashanti,Ghana,1158993f04abd00ee687c2d3f08826f3fbe2de8733bc3eae56263519d536a127,validation/anemic/Image_019.png,9.89,47.13,230,94
Image_020,non_anemic,test,11.3,Non-Anemic,48,Male,Sunyani Municipal Hospital,Bono,Ghana,f98a2071454e3260df162270fa73fbe6fa151902aba7be8820141202cc3309d0,test/non_anemic/Image_020.png,17.19,68.51,298,97
Image_021,anemic,train,10.9,Mild,36,Female,Bolgatanga Regional Hospital,Upper East,Ghana,84560038d87d7713ac802e3f7bb9cb410c3ff03b03b3cb8fb56acbbd62a6cd8b,train/anemic/Image_021.png,11.26,51.72,220,67
Image_022,anemic,train,10.74,Mild,48,Female,Komfo Anokye Teaching Hospital ,Ashanti,Ghana,bc1215bbaef83306302215b374ae3515e8c79514d7d13f23c59cd963e148cdf2,train/anemic/Image_022.png,6.92,38.72,306,139
Image_023,non_anemic,test,12.9,Non-Anemic,60,Female,Manhyia District Hospital,Ashanti,Ghana,8e2a5d482fe66d21b3d36363e1d47078f829d83a58a6b50a73242b717ad766ba,test/non_anemic/Image_023.png,7.94,38.67,213,84
Image_024,non_anemic,train,12.9,Non-Anemic,60,Female,Komfo Anokye Teaching Hospital ,Ashanti,Ghana,be1d6e45700279228592f9cb6b4c5ad733004c47a5236a63e262d3ddcaa98568,train/non_anemic/Image_024.png,23.11,68.54,314,128
Image_025,anemic,train,10.2,Mild,24,Male,Bolgatanga Regional Hospital,Upper East,Ghana,38f274aec16e4000e5bcc4a2bedd484855927e806840c4800fd792dd4ad84a97,train/anemic/Image_025.png,19.24,66.75,198,103
Image_026,anemic,train,10.2,Mild,48,Female,Nkawie-Toase Government Hospital,Ashanti,Ghana,eefbefe6f6d6fb12d631ab16379ddd3a846bafc1502ca185e72c1ca76b881d4d,train/anemic/Image_026.png,14.64,62.87,303,103
Image_028,non_anemic,train,12.9,Non-Anemic,60,Male,Manhyia District Hospital,Ashanti,Ghana,42511f9b733e9005664781cd0f483fb164f2ccef40832eadc0ff5a97eea434d1,train/non_anemic/Image_028.png,17.15,61.07,169,49
Image_029,anemic,train,10.2,Mild,12,Male,Ahmadiyya Muslim Hospital,Bono-East,Ghana,5fd93eb109fb2c13c89e6ccf207f100730cadb44f647ba1aeacb4465a4a6d98b,train/anemic/Image_029.png,17.24,68.45,429,224
Image_030,anemic,validation,7.9,Moderate,60,Male,Sunyani Municipal Hospital,Bono,Ghana,338db157e405fbb93a389c0defa599196cd0e49f74a907fceea67b915f6e4d08,validation/anemic/Image_030.png,22.75,74.72,135,84
Image_031,anemic,train,6.9,Severe,48,Female,Nkawie-Toase Government Hospital,Ashanti,Ghana,68cefed0898b29119ea43493030b9a8125425173c3ddf3a27968e03890833cc8,train/anemic/Image_031.png,15.58,64.79,462,115
Image_032,anemic,train,8.1,Moderate,12,Female,Ejusu Government Hospital,Ashanti,Ghana,dc27f04ed907c911b725d47e7578c1c4c805e965091de1fa718358c850085d3e,train/anemic/Image_032.png,14.8,60.84,175,58
Image_033,anemic,validation,8.1,Moderate,12,Male,Bolgatanga Regional Hospital,Upper East,Ghana,778449db8291e08ebac7ac9a0101cffd01a76c5232c341662c32df8b59d1cc82,validation/anemic/Image_033.png,10.63,46.72,216,87
Image_034,anemic,train,8.2,Moderate,12,Male,Ahmadiyya Muslim Hospital,Bono-East,Ghana,5d362f837349cf41fe7dc6ad9aa9d962bbb1d166e0fd04c860cbaf602779baab,train/anemic/Image_034.png,13.93,67.88,204,100
Image_035,anemic,test,8.2,Moderate,12,Male,Kintampo Municipal Hospital,Bono-East,Ghana,12195a1c9b3091f618af960b5e957a266519b06e5dad23294afd4003f7443260,test/anemic/Image_035.png,6.32,32.04,207,49
Image_036,anemic,test,8.2,Moderate,60,Male,Sunyani Municipal Hospital,Bono,Ghana,a7cb3d86195f781749ba61b88664689a4cf15d2d61f0bf0d9fbe4d23c129f367,test/anemic/Image_036.png,10.71,51.17,273,106
Image_037,anemic,validation,8.2,Moderate,48,Male,Sunyani Municipal Hospital,Bono,Ghana,e8dfb97be7f7705abe1e429079d06a92329c08c99a70115ef84475f176446f8e,validation/anemic/Image_037.png,20.89,73.53,175,85
Image_038,anemic,train,8.2,Moderate,12,Female,Nkawie-Toase Government Hospital,Ashanti,Ghana,5858f6c1b144978ce4e880f3c1fa9afc2962c33bcca28093fc279fddd0b876d7,train/anemic/Image_038.png,14.34,48.43,136,96
Image_039,anemic,test,8.2,Moderate,36,Male,SDA Hospital,Bono,Ghana,6724cee93ac6ef15e632da0beda78eb05f068d477f760431381ae7eedf0453b9,test/anemic/Image_039.png,17.68,70.44,184,122
Image_040,anemic,train,8.3,Moderate,12,Female,Ahmadiyya Muslim Hospital,Bono-East,Ghana,90b89cbd567c08a76b620d401beaa29ea78f0cdfcc047f55ce0f7e9ab59d8415,train/anemic/Image_040.png,8.41,46.53,269,69
Image_041,anemic,test,8.3,Moderate,12,Male,Ahmadiyya Muslim Hospital,Bono-East,Ghana,9b33a9adc76993a6454b732164128f7006f2e2d1aa838a800ea0e2d944fafe78,test/anemic/Image_041.png,17.08,56.35,204,100
Image_042,anemic,train,8.3,Moderate,24,Female,Nkawie-Toase Government Hospital,Ashanti,Ghana,492c9ef1f68a17baf00c9762e30bfe29f37bb3ed387f0cbe8d1c078b3b689554,train/anemic/Image_042.png,14.59,56.34,137,48
Image_043,anemic,train,8.3,Moderate,12,Male,Ahmadiyya Muslim Hospital,Bono-East,Ghana,bca25174ed4a1cd70fc300b2f54b798e39cf8f6d030d604670e3e06780661433,train/anemic/Image_043.png,32.88,83.05,121,91
Image_044,anemic,validation,8.3,Moderate,24,Male,Bolgatanga Regional Hospital,Upper East,Ghana,8b2d55c95ec099483d9967259761e2bec5706ca45f7cfae954b9a3f7f406773f,validation/anemic/Image_044.png,5.12,31.73,229,51
Image_045,anemic,train,8.3,Moderate,12,Male,Nkawie-Toase Government Hospital,Ashanti,Ghana,7bba611365b97e1c171943e91d04ab9f06f331b908b14182add96d7f2c36d141,train/anemic/Image_045.png,6.42,38.92,258,70
Image_046,anemic,train,8.3,Moderate,12,Male,Nkawie-Toase Government Hospital,Ashanti,Ghana,d3d9bee0ed5f8aca623867e78645dae0d92d23b5aa70c2a46910256d3a7250d1,train/anemic/Image_046.png,15.53,65.43,285,64
Image_048,anemic,train,8.3,Moderate,12,Male,Sunyani Municipal Hospital,Bono,Ghana,9958d64fdcba14097d951597996282380deb59da0c4feabbf9827729e43cd740,train/anemic/Image_048.png,12.79,56.66,220,77
Image_049,anemic,test,8.3,Moderate,24,Male,Nkawie-Toase Government Hospital,Ashanti,Ghana,044498f24592985aafab8f559244c7876d970a4c88c38deb1a8fc8f08942cf8a,test/anemic/Image_049.png,18.66,64.21,207,76
Image_050,anemic,train,8.4,Moderate,24,Female,Kintampo Municipal Hospital,Bono-East,Ghana,bb8c945404324055369bfb0847610a993f22cc7fc0cb3456b30e7d72322605f0,train/anemic/Image_050.png,11.11,44.49,293,86
Image_052,anemic,train,8.5,Moderate,24,Male,Manhyia District Hospital,Ashanti,Ghana,57ff8267b826d72fe1fee93362d9d4f361892c7e26a3f1fb712bc61505687efb,train/anemic/Image_052.png,16.4,57.75,222,74
Image_053,anemic,train,8.5,Moderate,12,Male,Bolgatanga Regional Hospital,Upper East,Ghana,3a3e99b60b2d9be1a4dfc05b55dfd0ab8c60adf117fe3c831433ad55ee2eb507,train/anemic/Image_053.png,14.69,52.75,311,232
Image_054,anemic,validation,8.5,Moderate,12,Male,Ejusu Government Hospital,Ashanti,Ghana,fdee5d27a30d8b7f2334b15ecaf88877de90b2411e2cea4d8140fcc05701a641,validation/anemic/Image_054.png,13.98,53.39,150,46
Image_055,anemic,validation,8.5,Moderate,24,Female,Manhyia District Hospital,Ashanti,Ghana,69ac9bf09af78ad2a36eecade840d145a62098326a3a8e2a49c2b547e9dd756d,validation/anemic/Image_055.png,15.58,64.79,462,115
Image_056,anemic,train,8.6,Moderate,24,Male,Ejusu Government Hospital,Ashanti,Ghana,ae8f1db6340a625453e949d235e1b944c059a431e8c76a73ecb81b7ddf3bda63,train/anemic/Image_056.png,7.64,43.78,334,220
Image_057,anemic,train,8.6,Moderate,24,Male,Bolgatanga Regional Hospital,Upper East,Ghana,20f208c4035f221e032c94762b2bde735210616fdc6c87308e793ed5ff62fe90,train/anemic/Image_057.png,20.84,68.77,183,84
Image_058,non_anemic,validation,11.9,Non-Anemic,36,Female,Bolgatanga Regional Hospital,Upper East,Ghana,7ff95ee81cd05b0c309037bbf25d1f704a1aecef4d4b01644c4b5d433d3d401d,validation/non_anemic/Image_058.png,18.5,63.0,499,273
Image_059,non_anemic,train,11.9,Non-Anemic,12,Male,Komfo Anokye Teaching Hospital ,Ashanti,Ghana,f8dd49430b16166cb0effc3aa6c50b368376aef00c384a1c9e59a12e8d89212a,train/non_anemic/Image_059.png,15.78,60.6,174,42
Image_060,non_anemic,train,11.9,Non-Anemic,36,Female,Nkawie-Toase Government Hospital,Ashanti,Ghana,63503a3786854f163ccfd060a84c986115016e04a6a36f2b1dac283e9b56c99f,train/non_anemic/Image_060.png,27.71,73.23,295,141
Image_061,non_anemic,train,11.9,Non-Anemic,24,Female,Kintampo Municipal Hospital,Bono-East,Ghana,c82f72078fc77fdf8e091ba6cecb8ea2121beab1d7ae2b65f932bf1fcf03f9db,train/non_anemic/Image_061.png,13.6,62.93,277,76
Image_062,non_anemic,train,12.4,Non-Anemic,24,Male,Nkawie-Toase Government Hospital,Ashanti,Ghana,1478058f574cb98854cbc949c20992adff95fbf8d0a63467027b5db2f867f21e,train/non_anemic/Image_062.png,14.44,52.75,241,208
Image_063,non_anemic,train,12.4,Non-Anemic,60,Female,SDA Hospital,Bono,Ghana,8cb9ece27d59ae53b9a774eecd3bec125f820dfe5a6b6556e41839c1054edb42,train/non_anemic/Image_063.png,28.81,85.63,213,228
Image_064,non_anemic,validation,12.7,Non-Anemic,12,Male,Manhyia District Hospital,Ashanti,Ghana,47b49219e738fa87589f9542cf4ebbad7ac74e63b6768619e97a7b6f89cc9780,validation/non_anemic/Image_064.png,20.79,59.44,135,100
Image_065,non_anemic,train,12.7,Non-Anemic,12,Male,Sunyani Municipal Hospital,Bono,Ghana,28d053faa7d871e4e88aead29201d0048358f9091dfa8b392310245d89310ca0,train/non_anemic/Image_065.png,18.64,74.32,220,88
Image_066,anemic,train,10.1,Mild,48,Female,Nkawie-Toase Government Hospital,Ashanti,Ghana,d19917a3fd4a2cce3997fc773c0735a2711d4086661fd225cde3b2c0e9f37194,train/anemic/Image_066.png,12.67,55.5,322,234
Image_067,non_anemic,train,12.4,Non-Anemic,12,Male,Komfo Anokye Teaching Hospital ,Ashanti,Ghana,6dcb3f107c4cd330d3d8dfba740b5d0e5a30cc832490cf29278c3764da1b6fa4,train/non_anemic/Image_067.png,11.97,57.87,261,85
Image_068,anemic,train,7.1,Moderate,36,Female,Nkawie-Toase Government Hospital,Ashanti,Ghana,a1e3e9fc400651f1818e8a346f4f4bee2cba7dd6abcb96c48a6a57316f9d5c43,train/anemic/Image_068.png,18.74,66.77,236,117
Image_069,anemic,train,8,Moderate,24,Male,Sunyani Municipal Hospital,Bono,Ghana,aab1d199b49a5ff5075fdcd98038d327039c00a47b0d6d8b2843a9071bd0af8b,train/anemic/Image_069.png,17.93,62.21,222,82
Image_070,non_anemic,validation,11.9,Non-Anemic,24,Male,Ahmadiyya Muslim Hospital,Bono-East,Ghana,751489aea6627ccf068adf2120363702cf4c242106034388399e990615354ae8,validation/non_anemic/Image_070.png,12.56,55.82,286,67
Image_071,non_anemic,train,12.4,Non-Anemic,48,Female,Komfo Anokye Teaching Hospital ,Ashanti,Ghana,fbbee18ffb9c64e9917711f2cba548689a3a1ed5f19af8ac475c8d9539bddd99,train/non_anemic/Image_071.png,30.38,84.24,107,76
Image_072,non_anemic,test,11.2,Non-Anemic,48,Female,Ahmadiyya Muslim Hospital,Bono-East,Ghana,6315b798ee1b7cb2e330d6d5b1cb8ad540d8b79d0d1482c3b1bd13b9d8574126,test/non_anemic/Image_072.png,18.69,64.87,192,82
Image_073,non_anemic,test,14.2,Non-Anemic,60,Male,Manhyia District Hospital,Ashanti,Ghana,3a07cf46bc04193647fbc4d958423643ebf30a5fa9ac6f6e91a91debedcc1131,test/non_anemic/Image_073.png,13.95,62.04,185,54
Image_074,anemic,train,9.7,Moderate,60,Female,Komfo Anokye Teaching Hospital ,Ashanti,Ghana,2ddba5fc3bb33b84d36a9fa12cda4ac0759b349e7c87136b5b757397b282d200,train/anemic/Image_074.png,14.39,56.89,304,99
Image_075,non_anemic,validation,11.1,Non-Anemic,60,Female,Ahmadiyya Muslim Hospital,Bono-East,Ghana,3882c85ff68e26383ba119deb9b41a4d91b7e337bb78cfc1f6f3ba032d9bd390,validation/non_anemic/Image_075.png,12.29,58.48,185,49
Image_076,anemic,train,9.7,Moderate,24,Female,Bolgatanga Regional Hospital,Upper East,Ghana,c7710b4e58d0ecb9ad5c691ba7379aa15e236e59cbb616efbcf4eaff5c06c24d,train/anemic/Image_076.png,11.54,51.6,306,102
Image_077,anemic,train,9.7,Moderate,48,Female,Bolgatanga Regional Hospital,Upper East,Ghana,ddb137ec5c0003e0815a47a0095173453b4be663a756adbb428da61413c1ed56,train/anemic/Image_077.png,24.02,75.7,195,108
Image_078,anemic,validation,9.7,Moderate,12,Female,Ahmadiyya Muslim Hospital,Bono-East,Ghana,9127888a258fb99abf69e8be4cec62cc36c78937fa1c28b9d3b53fe9f24a9887,validation/anemic/Image_078.png,10.36,49.44,249,61
Image_080,anemic,test,10.1,Mild,36,Male,Komfo Anokye Teaching Hospital ,Ashanti,Ghana,72301fb843630d496fd9fa9f042e423a771e665f99c135d48c4c69517c7ae18f,test/anemic/Image_080.png,22.02,75.19,237,70
Image_081,non_anemic,train,11,Non-Anemic,36,Female,Komfo Anokye Teaching Hospital ,Ashanti,Ghana,26a6e8d4394c3d057eb0e6d1df6232185299fec5c95b51cde0a832e16d9ed114,train/non_anemic/Image_081.png,23.88,83.27,196,91
Image_083,anemic,train,10.1,Mild,36,Male,Nkawie-Toase Government Hospital,Ashanti,Ghana,3edf04ea796b8a16aefad86034e1850a51553b9d0c0b48e0f006e5c8bf1a0d79,train/anemic/Image_083.png,9.62,48.42,289,62
Image_088,non_anemic,test,13,Non-Anemic,24,Male,Komfo Anokye Teaching Hospital ,Ashanti,Ghana,21b8ca780a1489696bbca1953ad7d7b0ef543af3c4da5408d45a41ffd166346b,test/non_anemic/Image_088.png,29.53,83.41,104,67
Image_089,anemic,train,10.7,Mild,24,Male,Kintampo Municipal Hospital,Bono-East,Ghana,83a21b528c61bd599b9633202938508ce8eb0406a18dcfe808ca2179ff87b444,train/anemic/Image_089.png,7.42,39.22,379,202
Image_090,non_anemic,train,13,Non-Anemic,24,Male,Komfo Anokye Teaching Hospital ,Ashanti,Ghana,3378c70a69ad6da7da5fa486067c85f4d34e2b63c2f24de989ec5e7ad0a18f57,train/non_anemic/Image_090.png,27.01,87.24,196,109
Image_091,anemic,train,10.7,Mild,24,Female,Kintampo Municipal Hospital,Bono-East,Ghana,f0eaaea336af827b92b2b7ebd1cf8962c0eed45411a468d9f95a3cf6a1d4b081,train/anemic/Image_091.png,15.39,57.14,301,164
Image_092,anemic,train,10.7,Mild,60,Male,Manhyia District Hospital,Ashanti,Ghana,161b2ba1bfeaad8bb89afdc6004102a78c14b0228c24fc68ccd9242e82c89c18,train/anemic/Image_092.png,5.42,26.39,231,75
Image_093,anemic,test,10.2,Mild,36,Male,Sunyani Municipal Hospital,Bono,Ghana,cee2216cde3fc2d29a8603f7acc4da7836db14d3b86265acb420d786705c9601,test/anemic/Image_093.png,14.64,62.87,303,103
Image_094,anemic,test,10.2,Mild,60,Female,Manhyia District Hospital,Ashanti,Ghana,e45f5f5ed8be919c796a97e84277fd7928cccc7d682109efb96a25c8500ba58c,test/anemic/Image_094.png,11.76,55.0,177,67
Image_096,non_anemic,test,12.9,Non-Anemic,12,Female,Komfo Anokye Teaching Hospital ,Ashanti,Ghana,4d63ca441fe569fba676ed7f39ef4949bbd7824a9785faeb2dd5485ff9731c57,test/non_anemic/Image_096.png,25.95,87.49,271,205
Image_097,non_anemic,train,12.9,Non-Anemic,24,Male,Ahmadiyya Muslim Hospital,Bono-East,Ghana,5e2c234f8e8943e6847510506e400663b957874a32b63f43efde2a4de2870da8,train/non_anemic/Image_097.png,13.53,55.29,233,69
Image_098,non_anemic,train,12.9,Non-Anemic,12,Male,Komfo Anokye Teaching Hospital ,Ashanti,Ghana,5b1061b153b27a45a010bc011642bc59fe07f8f8f2bfce5f63068f98ea429b6c,train/non_anemic/Image_098.png,20.03,64.35,314,109
Image_099,anemic,test,10.2,Mild,24,Male,Nkawie-Toase Government Hospital,Ashanti,Ghana,fadc3fefcfd542faf488f6d75bbb4900a2ef3c6126d275f0b196a80c2562c73c,test/anemic/Image_099.png,18.77,68.29,167,67
Image_100,non_anemic,validation,12.9,Non-Anemic,36,Male,Ejusu Government Hospital,Ashanti,Ghana,78097c37599da4940dc52469c764d3ec3d77748a44f7653ef888d85048eb87b0,validation/non_anemic/Image_100.png,15.84,56.41,148,54
Image_101,anemic,validation,10.2,Mild,24,Male,Ahmadiyya Muslim Hospital,Bono-East,Ghana,066b5095242cbde968ca6e6c9d2a58c379e81023f8b542bfe041133e1a9ff60a,validation/anemic/Image_101.png,19.63,66.62,198,98
Image_103,non_anemic,train,12.9,Non-Anemic,60,Male,Ahmadiyya Muslim Hospital,Bono-East,Ghana,9b7b19fd7e32d4663a11f394aae245ce5a86b5f1b2f7bafc8bfd18fda8d8e8b7,train/non_anemic/Image_103.png,17.18,61.72,208,66
Image_104,anemic,test,10.2,Mild,36,Male,Bolgatanga Regional Hospital,Upper East,Ghana,5966f6140e51c30aa0022224ca2a1d80b1f1d2b35a19a868fde90eea1100447f,test/anemic/Image_104.png,16.12,60.37,323,100
Image_105,anemic,train,10.3,Mild,36,Male,Nkawie-Toase Government Hospital,Ashanti,Ghana,19c7e9119c07be2f16e908e28be8fc0a8a7e254bebe14ad7366c762beeda883d,train/anemic/Image_105.png,11.27,46.92,356,232
Image_106,non_anemic,train,12.9,Non-Anemic,60,Male,Komfo Anokye Teaching Hospital ,Ashanti,Ghana,4459d543229a8140653996247809d519d1303fed1dd4799b0f0ea1a03f4e5e83,train/non_anemic/Image_106.png,8.37,36.49,160,117
Image_107,non_anemic,train,12.9,Non-Anemic,36,Female,Ahmadiyya Muslim Hospital,Bono-East,Ghana,e69d2194437fb73d02c8a48d93f5d59345da18e6f6a17508d8b9f8724e81e914,train/non_anemic/Image_107.png,23.38,77.22,99,72
Image_108,non_anemic,test,12.9,Non-Anemic,36,Female,Ahmadiyya Muslim Hospital,Bono-East,Ghana,cf22b5e31a43d98928e09400fef5eff7a397e3ca6b563932377c59270bf71064,test/non_anemic/Image_108.png,12.74,50.78,152,42
Image_110,anemic,train,10.3,Mild,12,Male,Ahmadiyya Muslim Hospital,Bono-East,Ghana,843528a75fb5c19995ea493fd370d2243f6447bfb76f8939df294ef5e8c489c2,train/anemic/Image_110.png,11.44,47.49,236,88
Image_111,anemic,test,10.3,Mild,36,Female,Sunyani Municipal Hospital,Bono,Ghana,7420ebccbece3f1b1919472a0ddb24d18859903d5724bdedd306fc5d6ffdc3f3,test/anemic/Image_111.png,16.08,60.81,210,103
Image_112,anemic,train,10.3,Mild,24,Female,Komfo Anokye Teaching Hospital ,Ashanti,Ghana,fb2c6bdaae46ded61b272db9418731ccde6e319e3a567f04c0efdaf77cb34c8b,train/anemic/Image_112.png,13.38,60.08,262,81
Image_113,non_anemic,train,12.9,Non-Anemic,24,Female,Bolgatanga Regional Hospital,Upper East,Ghana,5bf8d0f6430617cf0e6433d3e42114f4b3308545efc9683fb613cd3f2a8f5a95,train/non_anemic/Image_113.png,10.32,55.23,269,69
Image_114,non_anemic,train,12.9,Non-Anemic,24,Male,Komfo Anokye Teaching Hospital ,Ashanti,Ghana,efea5d5de90de424200922bc237cee75f8f5dadeb5743840145447d4ad34a976,train/non_anemic/Image_114.png,27.03,76.49,195,109
Image_115,anemic,train,10.3,Mild,48,Male,Ahmadiyya Muslim Hospital,Bono-East,Ghana,a50077a08de01cf333b2955df2b1880e501947b319720f8a8d46b9161dc4f542,train/anemic/Image_115.png,12.1,53.08,142,83
Image_116,anemic,train,7,Moderate,12,Male,SDA Hospital,Bono,Ghana,4ec7d81499872359906983c998fe91ab2d36683be0e89b062a9f321e49a4fbaf,train/anemic/Image_116.png,19.21,72.17,390,190
Image_117,non_anemic,train,12.4,Non-Anemic,48,Female,Ejusu Government Hospital,Ashanti,Ghana,01308c4496d6003efffe64f7dff1facf5c1492d897a6d20db3eb728bc71cb0d9,train/non_anemic/Image_117.png,11.75,49.03,157,42
Image_119,anemic,train,9.6,Moderate,24,Male,Nkawie-Toase Government Hospital,Ashanti,Ghana,7b1ffbda7576f47afa19d0ab7d8097c21a612e4b59ad60275066dc67595200cd,train/anemic/Image_119.png,15.53,59.05,157,62
Image_120,anemic,validation,7.3,Moderate,12,Male,Bolgatanga Regional Hospital,Upper East,Ghana,c27c1b1cf47b405dd950f70b170aa49a62f576bee52fbbb2efb770123f535c83,validation/anemic/Image_120.png,10.6,46.03,188,47
Image_121,anemic,train,9.6,Moderate,36,Male,Bolgatanga Regional Hospital,Upper East,Ghana,18bd3cbdca2b103ced4a2fd2d7b8824ad5dd6ab2f9b098e34a7092d31727460f,train/anemic/Image_121.png,16.39,68.05,292,123
Image_123,anemic,train,8.1,Moderate,24,Male,SDA Hospital,Bono,Ghana,6566a61072c7878e185236f66f70e1e59f18d898526d9ed610b8ed37f0f0e4ca,train/anemic/Image_123.png,19.09,68.47,243,114
Image_124,non_anemic,validation,12.4,Non-Anemic,48,Female,Komfo Anokye Teaching Hospital ,Ashanti,Ghana,f5277362d09fb6224bd6bf1250c343f06d2b68f2f5c320c6857170e927d5fc13,validation/non_anemic/Image_124.png,17.44,72.13,235,91
Image_127,anemic,test,8.9,Moderate,36,Male,Komfo Anokye Teaching Hospital ,Ashanti,Ghana,ae02d3f05bcb9b347f1b1162614a90520ddacd6921ac49793d18a7debdbc8316,test/anemic/Image_127.png,18.94,60.93,228,135
Image_129,non_anemic,validation,12,Non-Anemic,60,Male,Komfo Anokye Teaching Hospital ,Ashanti,Ghana,f160efef2b74cfd88ac897c8f7e43da545da7f8645868b688107813f88f42ecf,validation/non_anemic/Image_129.png,11.86,55.06,247,94
Image_130,non_anemic,train,12,Non-Anemic,48,Female,Ahmadiyya Muslim Hospital,Bono-East,Ghana,5b1ba9b69e79f3e786129a3324012983ff136d8e67feb68ef254e71aa86c9a9f,train/non_anemic/Image_130.png,33.55,89.45,79,61
Image_131,non_anemic,train,12,Non-Anemic,48,Male,Komfo Anokye Teaching Hospital ,Ashanti,Ghana,75454e5fdc62f9dca04638422b811c23b17b0f3dee0e36cb7f2609f9fc77cf63,train/non_anemic/Image_131.png,17.62,59.1,137,50
Image_132,anemic,test,9.9,Moderate,60,Male,Ahmadiyya Muslim Hospital,Bono-East,Ghana,fafcc22ad6a044bb4919d0ad53a58052976d83dbbebefbba169155604f7446ce,test/anemic/Image_132.png,19.16,64.79,147,66
Image_133,non_anemic,train,12,Non-Anemic,12,Female,Kintampo Municipal Hospital,Bono-East,Ghana,6db3fef4943451f20bfb8a1113e89feb1c5373adeeb2846142bb01b86cb7beab,train/non_anemic/Image_133.png,9.61,48.62,217,81
Image_134,non_anemic,train,12,Non-Anemic,12,Male,Bolgatanga Regional Hospital,Upper East,Ghana,2cd24ef902a0f44a990292b9e0cf1be5c746d06b86e394f6eed639b1206f74c5,train/non_anemic/Image_134.png,12.43,52.21,194,112
Image_135,non_anemic,train,12.5,Non-Anemic,36,Female,Kintampo Municipal Hospital,Bono-East,Ghana,851fe7208d9daacd46aff27e1169ef965127c32f5174ca2f374bfe75827d0864,train/non_anemic/Image_135.png,9.87,47.34,198,97
Image_136,anemic,train,9.9,Moderate,48,Male,Nkawie-Toase Government Hospital,Ashanti,Ghana,96b4e2dcbfdda0276afceccb82086995992fedff84e6470cb5cd487311da6ec4,train/anemic/Image_136.png,17.24,68.45,429,224
Image_137,non_anemic,train,12,Non-Anemic,24,Female,Ejusu Government Hospital,Ashanti,Ghana,1aec9884c2111d3c7b0ea5d15dd9d1f863fe1280e527a64656a56973fc2e5cfe,train/non_anemic/Image_137.png,10.9,49.3,211,118
Image_138,anemic,train,8.9,Moderate,48,Male,Nkawie-Toase Government Hospital,Ashanti,Ghana,cb3a433fc558cc122efca4508c52d62b789f38395daea57c974f9bd4ccf54f85,train/anemic/Image_138.png,9.89,44.81,141,94
Image_139,anemic,train,9.9,Moderate,36,Female,Ahmadiyya Muslim Hospital,Bono-East,Ghana,add8f7c7c3c777bd7433ce83802208df12bf9259f2415f3c339a69c6f2f32f11,train/anemic/Image_139.png,16.32,57.57,209,121
Image_141,anemic,validation,8.95,Moderate,24,Male,Ahmadiyya Muslim Hospital,Bono-East,Ghana,4cc5a02a06e83e3ad68a089bdcd365d92cda006d5420ddac4585e5e0a5fe4dd2,validation/anemic/Image_141.png,12.55,59.33,357,151
Image_142,non_anemic,train,12,Non-Anemic,24,Female,Ahmadiyya Muslim Hospital,Bono-East,Ghana,a63d95fc8569ad9e7098b20edbb75f6fcb1589dcb359f39946a1143318c46ebc,train/non_anemic/Image_142.png,9.74,47.02,199,73
Image_143,non_anemic,train,12.5,Non-Anemic,60,Male,Ahmadiyya Muslim Hospital,Bono-East,Ghana,05005492e77d889a2fb59a8d68a1c4f463511a7d16817ecb4b81774be175908f,train/non_anemic/Image_143.png,21.33,71.21,249,103
Image_144,anemic,train,9,Moderate,12,Male,Sunyani Municipal Hospital,Bono,Ghana,c0ade6954295db96d2ce98e29e55ce8619b8a8ab632d2290ac89b0cc140a16d5,train/anemic/Image_144.png,16.36,57.46,159,57
Image_145,non_anemic,validation,12.5,Non-Anemic,60,Male,Sunyani Municipal Hospital,Bono,Ghana,aea1a0d00fa8cc80591cacefd9c4465d552f8e01fd618a561df27baa0cd604de,validation/non_anemic/Image_145.png,13.31,59.05,184,79
Image_146,anemic,train,9.9,Moderate,12,Male,Manhyia District Hospital,Ashanti,Ghana,319aaea36b19191b27bf45c08755cdc812adfbd3d97407aaab463a4dc91db315,train/anemic/Image_146.png,25.86,78.85,175,69
Image_147,non_anemic,test,12.1,Non-Anemic,60,Female,Komfo Anokye Teaching Hospital ,Ashanti,Ghana,bcb70b28392d1b3529e46fea042047778b8cc9a113571ac18d945664b3245a11,test/non_anemic/Image_147.png,10.84,55.35,163,87
Image_148,anemic,train,9.7,Moderate,48,Female,Manhyia District Hospital,Ashanti,Ghana,2df793055b3a4e7487cca3d5a92cfd260f19357bb0d6c1394ad4ebeefd51a53e,train/anemic/Image_148.png,20.68,73.88,333,103
Image_150,anemic,train,9.98,Moderate,48,Female,Manhyia District Hospital,Ashanti,Ghana,ae1cd14243822d8e658c403df4c2f1fb3b91896e8fb4c4e6f803c70d4c98a540,train/anemic/Image_150.png,18.47,67.66,273,111
Image_151,non_anemic,train,12.7,Non-Anemic,24,Female,Nkawie-Toase Government Hospital,Ashanti,Ghana,2bfeeaebd8dda155fc382fb9a42111c8ce6522b95385f997c6de66568fa1a662,train/non_anemic/Image_151.png,8.89,49.12,184,76
Image_152,anemic,train,10,Mild,60,Female,Ahmadiyya Muslim Hospital,Bono-East,Ghana,315051ea34995ab5bb32286d83294e79f0840b3195bcef08ad03c34425ff99b9,train/anemic/Image_152.png,34.34,80.56,99,94
Image_154,anemic,train,10,Mild,12,Male,Nkawie-Toase Government Hospital,Ashanti,Ghana,215010c40b00da4b42d093dfbd62c52f7982794f4f4564c6db061ed3dfcf2904,train/anemic/Image_154.png,10.68,50.87,156,61
Image_156,non_anemic,train,12.6,Non-Anemic,24,Male,Bolgatanga Regional Hospital,Upper East,Ghana,3db748d8de3451b8222c23e52cbebb9b414aafb0d037d0d18528b65e435ef6a9,train/non_anemic/Image_156.png,15.36,61.58,190,55
Image_157,non_anemic,train,12.8,Non-Anemic,48,Male,Ejusu Government Hospital,Ashanti,Ghana,51f8ebb91f278f5b67a7d92ee5e03bc1ce020bf8538a6afc8184af2e5b833e7a,train/non_anemic/Image_157.png,15.46,60.97,210,46
Image_158,anemic,train,10,Mild,24,Male,Ahmadiyya Muslim Hospital,Bono-East,Ghana,b207bd1465780beea4fb4cd29d48ffd8e05421d564bef97fb81c72a3ce37a844,train/anemic/Image_158.png,14.45,62.56,303,103
Image_160,non_anemic,train,12.6,Non-Anemic,60,Female,Bolgatanga Regional Hospital,Upper East,Ghana,aae538fe03b3a6efc74b3262698e9f8a8caced3dfe4bcd04a5efa45c3df3242d,train/non_anemic/Image_160.png,10.16,42.96,220,88
Image_161,anemic,train,10.2,Mild,12,Male,Ahmadiyya Muslim Hospital,Bono-East,Ghana,9aa93507254d6b7b8cf03a50063c355fc703a65bce940e7cb6cf19bdc46f97b2,train/anemic/Image_161.png,13.48,54.69,169,46
Image_163,anemic,train,10.2,Mild,12,Female,Manhyia District Hospital,Ashanti,Ghana,10e22136933b05f4f99516a94750d8cf8cc15186f4649240faa904ae04dbb019,train/anemic/Image_163.png,11.27,46.92,356,232
Image_164,anemic,train,10,Mild,60,Female,Bolgatanga Regional Hospital,Upper East,Ghana,ef52a9fa9413b2bc9110cbc428988b1e20ee70fa49bf8b73b1a7326aa31af3e9,train/anemic/Image_164.png,18.09,67.28,220,72
Image_165,non_anemic,test,12.8,Non-Anemic,24,Male,Nkawie-Toase Government Hospital,Ashanti,Ghana,b1fa7dd0f67272d2dac504b73a5f913c04ad7b60cce9435da00bfa4fc8c4646d,test/non_anemic/Image_165.png,21.6,71.66,249,106
Image_166,anemic,validation,10,Mild,24,Female,Ahmadiyya Muslim Hospital,Bono-East,Ghana,460090e3d1ae9a76cca51885b20e6b08a3e433e9393e25339c9f085c5245e322,validation/anemic/Image_166.png,16.75,62.66,182,49
Image_168,anemic,validation,5,Severe,24,Female,Nkawie-Toase Government Hospital,Ashanti,Ghana,985be2711c8d2dcae8870722924575c5b09acf50bd3d1e57474a975cd98d187b,validation/anemic/Image_168.png,17.97,67.96,111,42
Image_169,non_anemic,test,11.1,Non-Anemic,12,Female,Komfo Anokye Teaching Hospital ,Ashanti,Ghana,c38d66d6c6e631e02ab04287a79211a1a8d2e21ae392417be5aad800beccf49a,test/non_anemic/Image_169.png,17.68,67.81,216,58
Image_170,anemic,validation,5,Severe,36,Male,Komfo Anokye Teaching Hospital ,Ashanti,Ghana,6761218308ed1fc7675efcf5436a20e3f2f253abd20240f30bf123642e1a6355,validation/anemic/Image_170.png,6.95,34.68,299,84
Image_171,anemic,train,7.1,Moderate,36,Male,Ahmadiyya Muslim Hospital,Bono-East,Ghana,6bc21b145fc482de1104388701b7d852417c19d8037f4f29b107e8b1daac5f69,train/anemic/Image_171.png,16.08,60.81,210,103
Image_173,non_anemic,test,11.4,Non-Anemic,12,Male,Kintampo Municipal Hospital,Bono-East,Ghana,6bf5290e220f0cc43945d8f9f78f926fd93021f94860414050aa274df87535da,test/non_anemic/Image_173.png,8.82,36.73,220,66
Image_174,non_anemic,validation,11.46,Non-Anemic,48,Male,Komfo Anokye Teaching Hospital ,Ashanti,Ghana,83141394bd5f6ccc12fb6f0895720783aa53e88019a1267a7439c751d4012f51,validation/non_anemic/Image_174.png,6.99,33.16,208,69
Image_175,non_anemic,test,11.05,Non-Anemic,48,Female,Ahmadiyya Muslim Hospital,Bono-East,Ghana,73fe13fea3d3352376ff81feb67bada5408171dea8ca46f64898ac42cbf921d9,test/non_anemic/Image_175.png,17.75,61.74,185,67
Image_176,non_anemic,train,13.1,Non-Anemic,36,Male,Ahmadiyya Muslim Hospital,Bono-East,Ghana,c8f0b7ff149d31b9e36d3fbc83b94941f9df02676fac82097bb12ffc3c08930f,train/non_anemic/Image_176.png,25.72,81.41,258,222
Image_177,anemic,train,10.4,Mild,48,Male,Ejusu Government Hospital,Ashanti,Ghana,6f43658e341f60ebf96f89be838868f9a42625eea2d851680ab6dcf908a19910,train/anemic/Image_177.png,21.81,76.2,182,88
Image_178,non_anemic,train,11.1,Non-Anemic,60,Female,Sunyani Municipal Hospital,Bono,Ghana,055e4d435cff3076fb8f092d58bf99d7ea0d573bfd832392459d8449b0f3e406,train/non_anemic/Image_178.png,13.25,54.49,158,39
Image_179,anemic,validation,3.4,Severe,24,Male,Sunyani Municipal Hospital,Bono,Ghana,ccdac5a0ef050931f965355897e45199f09638193c826c4bc86acf7cfa4f36d8,validation/anemic/Image_179.png,19.24,66.75,198,103
Image_180,anemic,validation,10.4,Mild,24,Female,Komfo Anokye Teaching Hospital ,Ashanti,Ghana,1fe45617b2f4c1d4f2ebd734c2babb6352dee2ff2dde4e5545be58504120841f,validation/anemic/Image_180.png,21.69,75.53,279,111
Image_182,anemic,train,10.4,Mild,36,Male,Nkawie-Toase Government Hospital,Ashanti,Ghana,665deb80b2864f70a999475e027198e280d46503495da87de2cbc8d084ad9db7,train/anemic/Image_182.png,16.6,64.46,265,91
Image_184,non_anemic,test,13.1,Non-Anemic,36,Male,Manhyia District Hospital,Ashanti,Ghana,d183740fe1c249865c7427bac051a24bbb14893b10f7f1d29718c2de03dd9071,test/non_anemic/Image_184.png,15.14,51.83,137,49
Image_185,non_anemic,train,13.1,Non-Anemic,11,Male,Ahmadiyya Muslim Hospital,Bono-East,Ghana,b070504e13ed49ff9a1b3bfbfb4c9f23ad270e820cdcbaa600c9963923d895fa,train/non_anemic/Image_185.png,9.17,41.32,150,43
Image_186,anemic,train,4.6,Severe,36,Female,Sunyani Municipal Hospital,Bono,Ghana,23e33440debbc33b7746dcc0153f4c15954a252706bc93b917b1b944c8fea9b3,train/anemic/Image_186.png,16.92,67.87,429,224
Image_187,anemic,train,10.4,Mild,12,Female,Kintampo Municipal Hospital,Bono-East,Ghana,543589fa0e05f0d42b00be33109dd8addc07f806ba74b80a217704ba30f3081e,train/anemic/Image_187.png,13.58,57.33,170,25
Image_189,non_anemic,train,13.2,Non-Anemic,12,Female,Ahmadiyya Muslim Hospital,Bono-East,Ghana,7b9e0b437b4ebc11473d3d0713a9b98332b1826197324ebfb9d5406c71a2ef7b,train/non_anemic/Image_189.png,23.41,73.12,205,72
Image_191,non_anemic,train,13.2,Non-Anemic,60,Female,Bolgatanga Regional Hospital,Upper East,Ghana,6e80fbadd5cd828ee2305a69a181b33a78f23affe7b05013c5ff80bffc001147,train/non_anemic/Image_191.png,16.39,63.38,198,49
Image_192,non_anemic,train,13.2,Non-Anemic,36,Male,Ahmadiyya Muslim Hospital,Bono-East,Ghana,1ba7eeff44979852aa855651b150991758abedce51875fe812b6f93d000238cc,train/non_anemic/Image_192.png,11.18,48.15,198,49
Image_194,anemic,validation,10.74,Mild,48,Female,Komfo Anokye Teaching Hospital ,Ashanti,Ghana,01d99fd57ccf8d8452881583e522db79e81d16dc198a03cf10980d1a28687b66,validation/anemic/Image_194.png,25.4,74.23,183,103
Image_195,non_anemic,validation,13.1,Non-Anemic,24,Male,Sunyani Municipal Hospital,Bono,Ghana,a1899641f3108bc9b06e2410f961574553e801e20cdc58c811aac972b591d1e1,validation/non_anemic/Image_195.png,14.84,54.32,177,61
Image_196,anemic,validation,10.8,Mild,12,Male,Sunyani Municipal Hospital,Bono,Ghana,3ab0d9446ab6e44c37532303a43341aa2eb7faa0b51a3f7d1dbc192c0a282ab2,validation/anemic/Image_196.png,17.48,64.16,197,58
Image_197,non_anemic,train,13.1,Non-Anemic,36,Male,Komfo Anokye Teaching Hospital ,Ashanti,Ghana,a363ad600425429f782701690f7a1432cad50f0612dd8911d215239e832a6fbd,train/non_anemic/Image_197.png,13.84,53.16,164,43
Image_198,anemic,train,10.4,Mild,48,Male,Sunyani Municipal Hospital,Bono,Ghana,60ed0e5cdedd9fc0a9129468b50a30e232e2c0456e2e72b40a7710d2787fc26c,train/anemic/Image_198.png,16.01,62.12,174,40
Image_200,anemic,train,10.8,Mild,12,Female,Ahmadiyya Muslim Hospital,Bono-East,Ghana,261b12ff84f9c7a1415a1e5454f83dbb180572b1735264b707f86572a5530693,train/anemic/Image_200.png,14.09,62.42,277,90
Image_201,anemic,train,10.4,Mild,48,Male,Kintampo Municipal Hospital,Bono-East,Ghana,661eb6773fd6c6734f3b494a0a4138ed61a25aa8cbba515c2964eb559e6b063f,train/anemic/Image_201.png,9.91,52.59,264,82
Image_204,non_anemic,train,13.1,Non-Anemic,36,Female,Komfo Anokye Teaching Hospital ,Ashanti,Ghana,d14d055ecb17cc244cdf6b6936b656d1aa6d1a304b5a0d36cff729b8677642fe,train/non_anemic/Image_204.png,15.14,55.34,212,67
Image_205,non_anemic,test,13.2,Non-Anemic,12,Male,Ahmadiyya Muslim Hospital,Bono-East,Ghana,0c6aa07c60633bbc1a8b918e46e9caec431fac7006a8b180e2f7c5ef8032d05c,test/non_anemic/Image_205.png,13.04,52.94,182,45
Image_207,non_anemic,test,13.2,Non-Anemic,24,Female,Nkawie-Toase Government Hospital,Ashanti,Ghana,ec6b7ebc2bfe8d75be84935ac94a1fa417c7dca30b269ceb9b87a01aa39bb19e,test/non_anemic/Image_207.png,16.04,63.73,149,42
Image_208,non_anemic,train,13.2,Non-Anemic,24,Male,Komfo Anokye Teaching Hospital ,Ashanti,Ghana,efc8c67f760558e998e4f3adc1c6f296ffeab917e520580210ad18bce6ce1405,train/non_anemic/Image_208.png,6.76,36.7,238,102
Image_211,non_anemic,train,13.2,Non-Anemic,60,Male,Holy Family Hospital,Bono,Ghana,8fd9e3b71167b8922f4bc78e31911878ab2e47cb090bfc8ea535c6fae0efa347,train/non_anemic/Image_211.png,17.13,62.22,252,63
Image_212,non_anemic,train,11,Non-Anemic,60,Male,Bolgatanga Regional Hospital,Upper East,Ghana,cc89896c1784ce87e69c208107798688934736165661b3621c30348596002b3e,train/non_anemic/Image_212.png,23.97,73.01,236,71
Image_213,non_anemic,validation,13.2,Non-Anemic,12,Female,Kintampo Municipal Hospital,Bono-East,Ghana,d5feec18a01cc4d6f0a2734d40815a67a92158a2e1e169040e5325b6293c806a,validation/non_anemic/Image_213.png,15.69,62.31,170,48
Image_215,non_anemic,train,11,Non-Anemic,36,Male,Komfo Anokye Teaching Hospital ,Ashanti,Ghana,db4ed72bb5913110c51cc655b1a184643f9f4810e3715b5dd73c18da357bde51,train/non_anemic/Image_215.png,15.2,52.87,174,55
Image_216,anemic,train,10.4,Mild,60,Male,Komfo Anokye Teaching Hospital ,Ashanti,Ghana,07e3022e693c187c4c66900e0f63eaaf1e88cb05f3c476a617e3c09f39fa7b76,train/anemic/Image_216.png,17.24,68.45,429,224
Image_217,non_anemic,train,11,Non-Anemic,48,Male,Komfo Anokye Teaching Hospital ,Ashanti,Ghana,462222b4f8ee06edd49e39a21d60ea18366d293fb811704da833c5f217d27ae4,train/non_anemic/Image_217.png,15.63,53.59,164,46
Image_218,non_anemic,train,13.2,Non-Anemic,36,Male,Sunyani Municipal Hospital,Bono,Ghana,1f33f262d0fbc3cdd865df5a7d3d4478004b720f3962b2a491becc44e4feb1ca,train/non_anemic/Image_218.png,24.17,78.64,169,63
Image_219,anemic,train,10.4,Mild,12,Male,Komfo Anokye Teaching Hospital ,Ashanti,Ghana,ae4b0cf422a244f750ea975419a1d18a56ec861db431139830607d73f96c6fc6,train/anemic/Image_219.png,15.72,56.02,222,103
Image_221,anemic,train,10.5,Mild,36,Female,Ahmadiyya Muslim Hospital,Bono-East,Ghana,d264ccd4495962adf455e089467e629d2919f0e52aee7f98220e4a6fbee21a8b,train/anemic/Image_221.png,21.92,75.79,279,111
Image_222,non_anemic,train,13.2,Non-Anemic,36,Female,Komfo Anokye Teaching Hospital ,Ashanti,Ghana,68d1308a3ab31ddb00ea35f612889f9ddbbc6e4f41033137ddec46a8add747ae,train/non_anemic/Image_222.png,19.33,70.49,190,79
Image_223,anemic,train,10.5,Mild,48,Female,Sunyani Municipal Hospital,Bono,Ghana,341e0abd4efcabdaa65f47db7c55dfffda8122af75882a02cc818b1301541064,train/anemic/Image_223.png,12.58,60.87,209,58
Image_224,non_anemic,train,13.2,Non-Anemic,48,Female,Nkawie-Toase Government Hospital,Ashanti,Ghana,466695dcf87007d2eb2571910d4dbbf39ecee958cbe601593d36d9335838573c,train/non_anemic/Image_224.png,11.8,46.86,154,43
Image_227,anemic,train,4.2,Severe,12,Male,Ejusu Government Hospital,Ashanti,Ghana,8769bad185018cf2c2acb8c7cf9eb89aff68d070c0f60d4277feaa6b18365d10,train/anemic/Image_227.png,11.26,51.72,220,67
Image_231,anemic,train,6.6,Severe,12,Male,Ahmadiyya Muslim Hospital,Bono-East,Ghana,9bd8a300e99dc7196becd7af6325b32a262ae38d6bcb60cc21d7cc085638bfcd,train/anemic/Image_231.png,17.88,59.96,129,64
Image_232,anemic,test,6.9,Severe,24,Male,Bolgatanga Regional Hospital,Upper East,Ghana,978b199f80032285184122096051c43be51b07e06cc79247bb08ad30311e1ec6,test/anemic/Image_232.png,13.45,51.73,191,91
Image_235,anemic,test,7.9,Moderate,12,Female,Bolgatanga Regional Hospital,Upper East,Ghana,2cfa56c5f12a60e1860d01cf1fe975fccd24ced2b56eb2016bf8ca993cb4f4bf,test/anemic/Image_235.png,15.31,53.57,184,81
Image_236,anemic,train,5.4,Severe,12,Female,Komfo Anokye Teaching Hospital ,Ashanti,Ghana,d98977c4af43466b5d4aff2aa50083bb493564412450266192503e5a14fb9beb,train/anemic/Image_236.png,18.12,58.45,196,90
Image_237,anemic,train,8,Moderate,12,Female,Ahmadiyya Muslim Hospital,Bono-East,Ghana,fb4d2fd3cb621483fbeb9d0850282ffba5c2fd3dd1ac84b4313ae9fd531baf78,train/anemic/Image_237.png,22.81,69.15,210,129
Image_238,anemic,train,5.4,Severe,24,Male,Kintampo Municipal Hospital,Bono-East,Ghana,e4d6890de5f74c4297d2272feb858eebe8f2335cb44d2da5cbb3c77bd22f4a4f,train/anemic/Image_238.png,22.2,77.13,159,88
Image_239,anemic,train,8.4,Moderate,12,Male,Komfo Anokye Teaching Hospital ,Ashanti,Ghana,68cf3e7b2c3711ed697ba0ed688b9448eafc82beddf2d59f166c216affeff684,train/anemic/Image_239.png,16.31,60.99,136,127
Image_241,anemic,train,8.4,Moderate,24,Female,Ejusu Government Hospital,Ashanti,Ghana,c3b1437aeb22dc018f6d3f8bfcdeee5e965930bbf75ccbe56ca44dbd44316b28,train/anemic/Image_241.png,17.97,67.96,111,42
Image_242,anemic,test,5.9,Severe,12,Male,Nkawie-Toase Government Hospital,Ashanti,Ghana,557c43ca795521743b09f4396baa304e88c053193f3522f1577c66abde775e67,test/anemic/Image_242.png,27.2,72.62,139,105
Image_243,anemic,train,8.4,Moderate,48,Male,Ejusu Government Hospital,Ashanti,Ghana,d169af37a83198554399e3a8d33f987c8d82822e6bcdf9e8e15322322fe0690f,train/anemic/Image_243.png,19.39,63.24,142,95
Image_244,anemic,train,6,Severe,12,Female,Komfo Anokye Teaching Hospital ,Ashanti,Ghana,a538525f08103a65052be6061df625defd8dbb978a6979f01434ee78a005fa4d,train/anemic/Image_244.png,15.41,72.48,187,109
Image_245,anemic,validation,8.6,Moderate,36,Female,Kintampo Municipal Hospital,Bono-East,Ghana,2b292a7df1b63bb850c23bc58d0b222dcc06ed3303f684a5ee4336f0ce403f63,validation/anemic/Image_245.png,12.97,51.38,157,48
Image_246,anemic,train,6.5,Severe,12,Male,Ahmadiyya Muslim Hospital,Bono-East,Ghana,7001b98bf474a9990a6b0a9ec5cee2fa3fd12d42057ecfc665929f873db2b86f,train/anemic/Image_246.png,15.14,58.25,191,60
Image_247,anemic,train,8.9,Moderate,24,Female,SDA Hospital,Bono,Ghana,15fb2c32d3eafe74d99833f98430f7ca973c982bcaad1fe403e09632ca750ff0,train/anemic/Image_247.png,10.81,50.08,155,40
Image_248,non_anemic,train,11.3,Non-Anemic,24,Female,Bolgatanga Regional Hospital,Upper East,Ghana,30852c8bac629cec685acf2e54cfcd1776ecd61307876f47025ed3ec1188eac6,train/non_anemic/Image_248.png,8.14,39.05,155,33
Image_249,non_anemic,train,12,Non-Anemic,48,Female,Sunyani Municipal Hospital,Bono,Ghana,c383dd8f16a0084d5215efb0af46f10706976e56bad4327a94c2ed70abc774f8,train/non_anemic/Image_249.png,9.51,46.65,280,96
Image_252,anemic,train,9.1,Moderate,24,Male,Ahmadiyya Muslim Hospital,Bono-East,Ghana,5730ec4c7b5bb2a0c187a5522c763ba5b32ad102f972f5ffc82dcb8a0c2ffce8,train/anemic/Image_252.png,16.81,61.87,268,106
Image_253,non_anemic,train,11.3,Non-Anemic,60,Male,Nkawie-Toase Government Hospital,Ashanti,Ghana,59eae8653c600a22310007b3bef79cff26f833497d908de5a4d4ce345350f858,train/non_anemic/Image_253.png,14.06,58.33,217,58
Image_254,anemic,train,6.9,Severe,12,Male,Sunyani Municipal Hospital,Bono,Ghana,af414a5b786f41e2f024e9d84ebc475ac12d481cd7568839366a932663ac025d,train/anemic/Image_254.png,13.09,55.95,220,76
Image_255,anemic,train,9.1,Moderate,48,Female,Sunyani Municipal Hospital,Bono,Ghana,c56ea806912704d9d3baf8c900740972d3832f07788b52a2e7a58bbc53848ca8,train/anemic/Image_255.png,10.42,49.67,284,101
Image_257,anemic,train,7,Moderate,48,Female,Bolgatanga Regional Hospital,Upper East,Ghana,d22f398e5a35e7a72018d577fa615038455e5d9469d2af7fbd3e3fe8c751e9ae,train/anemic/Image_257.png,7.79,43.98,219,61
Image_258,anemic,train,9.1,Moderate,6,Male,Manhyia District Hospital,Ashanti,Ghana,c30243ef628a9cf07aca6e8622abb62e7430877ea216e78553e9eed7c67a2647,train/anemic/Image_258.png,11.6,54.57,168,62
Image_259,anemic,train,10.1,Mild,36,Female,Ahmadiyya Muslim Hospital,Bono-East,Ghana,136c24c47c12edc927bb451c52d5cc347093d8c36cc3975fd7891d404507ddfc,train/anemic/Image_259.png,12.55,59.33,357,151
Image_260,anemic,train,7,Moderate,12,Male,Kintampo Municipal Hospital,Bono-East,Ghana,63fda5f79849bc7fba7d6a216f39ef8aa2d922489b66692a0c136bc43b547b25,train/anemic/Image_260.png,15.17,54.5,168,93
Image_262,anemic,train,10.5,Mild,48,Female,SDA Hospital,Bono,Ghana,d138f103ea4dbb27c498791701f600016d8889a22279638f4e07b70b706a3d52,train/anemic/Image_262.png,14.19,54.33,165,62
Image_263,non_anemic,train,11.3,Non-Anemic,36,Female,Komfo Anokye Teaching Hospital ,Ashanti,Ghana,a8682a5f7d88351284c4fd66f9b0a0ee0d1bfab60bb805da99cc0f97b2cc46bc,train/non_anemic/Image_263.png,11.71,54.41,216,66
Image_264,anemic,train,7,Moderate,12,Male,Nkawie-Toase Government Hospital,Ashanti,Ghana,dbb1a0c207c79b95ed316d43d8032d27b08fc4c61aa915199fec168d0086c780,train/anemic/Image_264.png,11.76,49.22,165,72
Image_265,anemic,test,10.5,Mild,60,Female,Bolgatanga Regional Hospital,Upper East,Ghana,3e93cbf554cb29c315b70a5ceaab3d0bff8dbf1c3124bdb6d6e264a4fccc8c34,test/anemic/Image_265.png,18.65,63.74,187,58
Image_267,anemic,train,10.52,Mild,48,Male,Ahmadiyya Muslim Hospital,Bono-East,Ghana,3ba4090dce027d514cf6a6052aeed7bc4199d4ee44399d6387826c443f75cf0a,train/anemic/Image_267.png,14.48,56.72,250,93
Image_268,anemic,train,7,Moderate,36,Female,SDA Hospital,Bono,Ghana,ab6fe44740eda256c2ccd6bbb206a8efd5e8490c0a54c29ae58ff3a40aacfe36,train/anemic/Image_268.png,11.96,52.42,195,67
Image_269,anemic,train,7.1,Moderate,36,Male,Ahmadiyya Muslim Hospital,Bono-East,Ghana,fc953a2f26591d333f7d5ec0b86886260882645fbde62f59e41d364c4220f66e,train/anemic/Image_269.png,16.88,59.45,292,165
Image_271,anemic,train,9,Moderate,36,Male,Manhyia District Hospital,Ashanti,Ghana,279265d4393eb62f0213e01ee8736a64cc0f4b254bcd943517a2faeb027f2cd2,train/anemic/Image_271.png,20.38,66.9,192,79
Image_272,anemic,train,9,Moderate,48,Male,Ahmadiyya Muslim Hospital,Bono-East,Ghana,54b5764c25a8a0367ce145b212210247369b15debf31c23217e03db55c5a1f66,train/anemic/Image_272.png,8.15,45.56,317,96
Image_273,non_anemic,train,12.1,Non-Anemic,36,Female,Sunyani Municipal Hospital,Bono,Ghana,5f914043709600e09da3c4bb9e635cf947b9a6179031b49e47064eb63be69b01,train/non_anemic/Image_273.png,16.97,64.29,163,63
Image_274,anemic,train,9.5,Moderate,24,Male,Ahmadiyya Muslim Hospital,Bono-East,Ghana,ec0cb1f363a7a8e5665bf23e8d8cc4c2b4bd3e3da69e011524c9826b7d477e45,train/anemic/Image_274.png,13.18,55.75,280,117
Image_275,anemic,train,10.54,Mild,24,Male,Komfo Anokye Teaching Hospital ,Ashanti,Ghana,f0a904335f08a9624018cf172680587c5e36ca641d2fe0544e107aca00fe6aaf,train/anemic/Image_275.png,12.55,59.33,357,151
Image_276,non_anemic,validation,12.02,Non-Anemic,48,Female,Sunyani Municipal Hospital,Bono,Ghana,b0a5b7fb6b7f1e6545304def60faae78d2aae87112c2b641da1319c62bb8a49f,validation/non_anemic/Image_276.png,14.69,57.49,202,180
Image_277,anemic,validation,5.2,Severe,36,Female,Nkawie-Toase Government Hospital,Ashanti,Ghana,9edb474282b52d3f1f9e3f64186ad54199f8c8c42fc30c71e182416b8bfd241c,validation/anemic/Image_277.png,8.09,45.32,327,219
Image_278,anemic,train,7.1,Moderate,60,Male,Kintampo Municipal Hospital,Bono-East,Ghana,6d8b9e6ad218e2899808339a893bb1dc8e23e6f7908f67054838a4e19fcf9534,train/anemic/Image_278.png,32.88,83.03,91,121
Image_279,anemic,test,7.2,Moderate,60,Male,Ahmadiyya Muslim Hospital,Bono-East,Ghana,5be72780173c1b1f02ffe9be22d7cce4791688b4cff7bac1cf95c30481f57a64,test/anemic/Image_279.png,15.58,64.79,462,115
Image_280,non_anemic,validation,11,Non-Anemic,24,Female,Nkawie-Toase Government Hospital,Ashanti,Ghana,a999af56b478a15c5959aff8f15460cd692f5ec1c911dd89006879529cc74ce0,validation/non_anemic/Image_280.png,11.08,50.36,192,144
Image_281,non_anemic,validation,11.1,Non-Anemic,36,Female,Bolgatanga Regional Hospital,Upper East,Ghana,3dbdf8740c3ac475e13e933c4745230a3026d30c32f10a47ad5d16e31ad6526c,validation/non_anemic/Image_281.png,11.32,57.15,298,124
Image_282,non_anemic,train,11,Non-Anemic,48,Female,Ejusu Government Hospital,Ashanti,Ghana,87853199315b85576bc44719f0f4d6ed50d251cb0a6ed78e068c89d95cc771cb,train/non_anemic/Image_282.png,9.34,52.07,264,85
Image_283,non_anemic,train,11.1,Non-Anemic,12,Male,Komfo Anokye Teaching Hospital ,Ashanti,Ghana,dff2944eacf0ddf3b51f186493974e35f75738cbeadc939957cef1eece9c3c44,train/non_anemic/Image_283.png,7.11,40.38,261,77
Image_284,anemic,train,3.1,Severe,36,Male,Bolgatanga Regional Hospital,Upper East,Ghana,96c85442c5691bdf56b040fdc3c4ee164356ae3c4eb243eb2ae79146e1a2bbf4,train/anemic/Image_284.png,25.15,72.88,181,154
Image_285,anemic,validation,5.2,Severe,12,Female,Bolgatanga Regional Hospital,Upper East,Ghana,66096439d78e37d87c54d6be2e6518e59afe26feb8c6f2a68a5a2c2e7ec5e965,validation/anemic/Image_285.png,13.49,61.07,294,82
Image_286,non_anemic,validation,11.4,Non-Anemic,36,Male,Komfo Anokye Teaching Hospital ,Ashanti,Ghana,0ab89e65725eb15604353a63150235adcd56fedfea22141e6adce36ea4a0e844,validation/non_anemic/Image_286.png,7.45,41.27,269,66
Image_288,non_anemic,validation,11,Non-Anemic,48,Male,Komfo Anokye Teaching Hospital ,Ashanti,Ghana,82ed8c69f2eb039e3a97d10e88130a7286fddd9ae401f2a9b5c5ccf1a54f4499,validation/non_anemic/Image_288.png,9.1,45.41,277,81
Image_291,anemic,train,5.8,Severe,36,Male,Ejusu Government Hospital,Ashanti,Ghana,7f1720cdd831bc9dfe255e6aae667c8a09ea52c39c169e54054bac0a74c912b9,train/anemic/Image_291.png,15.14,63.97,303,103
Image_292,non_anemic,train,11,Non-Anemic,48,Female,Manhyia District Hospital,Ashanti,Ghana,bd293e1544b1a6e2c19397966abc3230f9efc2245ca68a5d88e70ba72b2ce625,train/non_anemic/Image_292.png,6.15,37.33,260,64
Image_293,anemic,test,3.1,Severe,36,Male,Bolgatanga Regional Hospital,Upper East,Ghana,cbe625b05247490027eb2158492ddb301364a4e70f80f4b95e391fe90716eb55,test/anemic/Image_293.png,8.95,37.24,214,72
Image_294,anemic,train,5.9,Severe,12,Male,Manhyia District Hospital,Ashanti,Ghana,4521f529a1f699f78e5034009f33ab165fd097ead4b94f9c04e02a827522d54e,train/anemic/Image_294.png,12.86,43.13,184,100
Image_295,anemic,train,6.8,Severe,60,Male,Bolgatanga Regional Hospital,Upper East,Ghana,c605461dfa666213e58da9f73e7e5e741db9a3d49fcd731a5f5a5a7fe2b8f05c,train/anemic/Image_295.png,22.09,67.66,246,166
Image_296,anemic,train,7.1,Moderate,36,Male,Ahmadiyya Muslim Hospital,Bono-East,Ghana,271abd50cc5a90c89ed9f530d53e5f9c51de55a93610af92518096932b166619,train/anemic/Image_296.png,10.31,49.57,323,80
Image_297,non_anemic,train,11.8,Non-Anemic,12,Female,Bolgatanga Regional Hospital,Upper East,Ghana,d74e03e45e81343df45a9f7acc315e1f0fb980e5065f6867abbf976c20ee0b58,train/non_anemic/Image_297.png,14.71,54.44,213,112
Image_298,non_anemic,train,11.4,Non-Anemic,12,Male,Ahmadiyya Muslim Hospital,Bono-East,Ghana,51699778dc282d559bd94f65c1d6b6c725897fe144723525b58f678b77186ac4,train/non_anemic/Image_298.png,11.3,48.0,220,118
Image_299,non_anemic,validation,11.8,Non-Anemic,12,Male,Komfo Anokye Teaching Hospital ,Ashanti,Ghana,ed9f345626c3ba6c69a441116fcdd1d1e2b50c2503e29aa580e96db12a65bf9d,validation/non_anemic/Image_299.png,15.13,59.53,195,73
Image_300,anemic,validation,8,Moderate,24,Male,Komfo Anokye Teaching Hospital ,Ashanti,Ghana,fad041674d764df20aeadac8413a39ea2704f05c2b3909df156d5a3fe929916a,validation/anemic/Image_300.png,19.75,63.21,134,75
Image_302,non_anemic,validation,11.8,Non-Anemic,36,Male,Komfo Anokye Teaching Hospital ,Ashanti,Ghana,f706f752b6992f95daaff4a3f29a194fb69560a280a0318606200ae28425a426,validation/non_anemic/Image_302.png,11.69,52.93,156,64
Image_303,non_anemic,train,11.8,Non-Anemic,12,Male,Komfo Anokye Teaching Hospital ,Ashanti,Ghana,2d8ea0309348bd9bb246fca1970e8be4391b80e165e5aa61836ea7887844277e,train/non_anemic/Image_303.png,4.16,26.23,178,71
Image_304,anemic,train,8,Moderate,12,Male,Komfo Anokye Teaching Hospital ,Ashanti,Ghana,4ee8767c0e0ac41ffd992c9655df25b801da51ccaa9842b1ba07352e6e78a544,train/anemic/Image_304.png,13.51,58.8,172,51
Image_305,non_anemic,train,11.9,Non-Anemic,12,Male,Ahmadiyya Muslim Hospital,Bono-East,Ghana,e1d898b9ace91f38bff6f2a4435f0660fe784dfff342093bf65fd814fb4d51a5,train/non_anemic/Image_305.png,14.06,58.33,217,58
Image_306,anemic,train,8.1,Moderate,24,Female,Sunyani Municipal Hospital,Bono,Ghana,1136f3417309b7ba091435ffa069fc29c3464b2b478d6ac11f45c792169c5e5f,train/anemic/Image_306.png,12.79,59.46,298,142
Image_307,non_anemic,train,11.9,Non-Anemic,12,Female,Bolgatanga Regional Hospital,Upper East,Ghana,f50a7f6034a8b95542f82e67581ea816c971ae1d671fa6fc4b292c0eb3b7a3ca,train/non_anemic/Image_307.png,4.28,27.29,152,60
Image_308,anemic,test,8,Moderate,24,Female,Nkawie-Toase Government Hospital,Ashanti,Ghana,6d65f0636244af510e05844a6173f8d437e95ef93d3ebeb0983d0734480f201b,test/anemic/Image_308.png,18.18,68.5,112,42
Image_311,non_anemic,train,11.9,Non-Anemic,36,Male,Sunyani Municipal Hospital,Bono,Ghana,d0b5b7b0106afd678f462a6ad4cfbd20dd60f954897be4f94f06c4d668f62837,train/non_anemic/Image_311.png,8.64,39.41,232,259
Image_312,non_anemic,train,11.9,Non-Anemic,60,Male,Komfo Anokye Teaching Hospital ,Ashanti,Ghana,a236477eb422189d319e9344605b0a4d5024a7b8936c7131901091ae6bdc2e8a,train/non_anemic/Image_312.png,6.12,33.94,258,239
Image_314,anemic,test,9.9,Moderate,12,Female,Komfo Anokye Teaching Hospital ,Ashanti,Ghana,4b4c13095060890f040f5a8c6b1f90b45d2bf595d6b332618fc725d7dc837ce8,test/anemic/Image_314.png,12.98,57.53,172,51
Image_315,anemic,train,9.9,Moderate,48,Male,Sunyani Municipal Hospital,Bono,Ghana,3b59828c99f519cf1028973a53b5021d9b854388d863e41602c4faac8de1b640,train/anemic/Image_315.png,20.82,67.65,192,79
Image_317,non_anemic,train,11.16,Non-Anemic,12,Female,Kintampo Municipal Hospital,Bono-East,Ghana,5020d2a3bc6eeb217442752be51aa10a5464134c28f2467f6dacc4a7f4e4cfcf,train/non_anemic/Image_317.png,5.16,25.04,273,82
Image_319,non_anemic,train,11.2,Non-Anemic,12,Male,Komfo Anokye Teaching Hospital ,Ashanti,Ghana,0f79f8c9131274e06ca006d99a193b9e60a0e98b4829aee8de95571a2426922a,train/non_anemic/Image_319.png,3.38,20.82,241,61
Image_320,anemic,train,8.6,Moderate,12,Female,Sunyani Municipal Hospital,Bono,Ghana,80fa3247d145b35671c31a08cdce7d296a3a694b8d9c4c2a24d26e531a7f1ba0,train/anemic/Image_320.png,27.86,75.42,163,85
Image_321,non_anemic,train,11.2,Non-Anemic,24,Female,Bolgatanga Regional Hospital,Upper East,Ghana,be471fffd1b6dcde0d6e53eb3e2417bb9a677351d63878f1297715b4efbcc75a,train/non_anemic/Image_321.png,11.46,49.92,304,105
Image_322,anemic,test,8.7,Moderate,60,Female,Holy Family Hospital,Bono,Ghana,51eabe90585332a38e08f72911c4629b3e79928efbe74e107a4ca389a02cd84f,test/anemic/Image_322.png,8.63,41.55,162,49
Image_323,non_anemic,train,11.2,Non-Anemic,48,Female,Ahmadiyya Muslim Hospital,Bono-East,Ghana,0a5921806e47bac37b538cd0aa5955f80fc6d66f4599bee5872b5479afd9188a,train/non_anemic/Image_323.png,14.13,56.28,180,202
Image_325,non_anemic,test,11.3,Non-Anemic,24,Male,Komfo Anokye Teaching Hospital ,Ashanti,Ghana,306acba90ce777a3c010d28f372ce7d17892a167289288178d48b8b3f389f03c,test/non_anemic/Image_325.png,17.2,61.07,162,52
Image_326,anemic,train,8.7,Moderate,60,Female,Sunyani Municipal Hospital,Bono,Ghana,8913d1bf2bca54cbdd22c70f429429a8759f20240b12c17d22f5128e22ba96cd,train/anemic/Image_326.png,13.4,56.91,170,25
Image_329,anemic,train,10.2,Mild,60,Female,Ejusu Government Hospital,Ashanti,Ghana,95ff03efbe39222d506b40721e14cb0b92bf5cb48ba2128f732a399a6ded45fb,train/anemic/Image_329.png,16.92,67.87,429,224
Image_331,anemic,train,10.5,Mild,60,Female,Bolgatanga Regional Hospital,Upper East,Ghana,7e825b91474cf5d6b96fc8ad52e4703016fa46fff9a3383eac2685c451f4deb3,train/anemic/Image_331.png,15.22,66.56,228,87
Image_332,anemic,validation,10.6,Mild,10,Male,SDA Hospital,Bono,Ghana,a25fd2af2a6b5a7c899b3ab213583c4437275fbbc0c13986f34417679c9f7fbb,validation/anemic/Image_332.png,11.95,55.9,233,66
Image_334,anemic,train,10.8,Mild,24,Male,Manhyia District Hospital,Ashanti,Ghana,187b56e2f179aa5a64fdffef81f98c61bb27dd6a566c695dae8abdf27e59439a,train/anemic/Image_334.png,17.97,67.96,111,42
Image_337,non_anemic,test,12.4,Non-Anemic,60,Female,Ejusu Government Hospital,Ashanti,Ghana,7abef7f0d54adfc172fd05c46dea7875aa698009382232c782d7b7c7d2611363,test/non_anemic/Image_337.png,11.22,56.84,295,124
Image_338,anemic,validation,10.5,Mild,12,Male,Nkawie-Toase Government Hospital,Ashanti,Ghana,c93c48a608c338bf404297c7c9c45cc1ed7e45ab941d13f9de30a7cb5b9e7dd6,validation/anemic/Image_338.png,14.98,54.6,196,67
Image_339,non_anemic,train,12.1,Non-Anemic,12,Male,Nkawie-Toase Government Hospital,Ashanti,Ghana,808496805064b57c5e87e21e6bc82a2d4dbb283710db6e2238847b9dd21691ba,train/non_anemic/Image_339.png,19.58,71.67,169,56
Image_340,non_anemic,train,12.5,Non-Anemic,48,Female,Ejusu Government Hospital,Ashanti,Ghana,48021191c49803c6e4f31689676421bd715a5522a4385ede94ee82a19cfa4fcb,train/non_anemic/Image_340.png,5.87,36.32,260,64
Image_342,non_anemic,train,12.5,Non-Anemic,24,Male,Komfo Anokye Teaching Hospital ,Ashanti,Ghana,760ca323c70f69a3f90eea648e8ac9b7e5fd0c4fd35fc5e8b343615c3859b049,train/non_anemic/Image_342.png,20.08,67.8,245,150
Image_343,non_anemic,train,13.6,Non-Anemic,12,Female,Manhyia District Hospital,Ashanti,Ghana,5aa028339e7e5bf815f7e66db76007075ce3a484b25d0c317742c4d63255022f,train/non_anemic/Image_343.png,19.11,67.55,201,129
Image_344,non_anemic,train,12.3,Non-Anemic,12,Female,Komfo Anokye Teaching Hospital ,Ashanti,Ghana,01ba5629e826cb0ee3c0b769d1ac2bf8993bc003f159419c0a56526721155389,train/non_anemic/Image_344.png,20.03,68.55,205,130
Image_346,non_anemic,test,12.3,Non-Anemic,24,Male,Ahmadiyya Muslim Hospital,Bono-East,Ghana,6b3232842fc8e96d71681853a41468b97f26a3297d0f0fee6a9b9f4ffa337e92,test/non_anemic/Image_346.png,19.39,67.54,231,141
Image_347,non_anemic,train,13.3,Non-Anemic,60,Male,Komfo Anokye Teaching Hospital ,Ashanti,Ghana,d36901c71ca3c64fd3f8cfbbd87570aca6a0f8b6f445ebac0b88dd73e9f5070e,train/non_anemic/Image_347.png,16.03,68.16,244,90
Image_348,non_anemic,train,12.3,Non-Anemic,24,Female,Komfo Anokye Teaching Hospital ,Ashanti,Ghana,2e7f6b63b8b10dd9752d9a4829c5614396896389651c90c48aeb4336e6513fc3,train/non_anemic/Image_348.png,11.48,53.18,309,183
Image_349,non_anemic,validation,13.3,Non-Anemic,48,Female,Nkawie-Toase Government Hospital,Ashanti,Ghana,17e206af003ff85e3cfca3fd2a900e83f559019f9c4b892faab1a2884a537a23,validation/non_anemic/Image_349.png,11.26,52.05,301,223
Image_350,anemic,train,9.2,Moderate,36,Female,Nkawie-Toase Government Hospital,Ashanti,Ghana,f89d669162ea78d76a32f4b55003ebe5645bd8ff9e3fffb94d0281be6cf53a3a,train/anemic/Image_350.png,10.95,53.21,181,57
Image_351,non_anemic,train,13.3,Non-Anemic,48,Male,Kintampo Municipal Hospital,Bono-East,Ghana,b4768d56a30ecfe3795dd824c0c7ab05649c6b65de57681579d8828f772503bf,train/non_anemic/Image_351.png,17.49,63.81,217,73
Image_352,non_anemic,train,12.3,Non-Anemic,24,Male,Sunyani Municipal Hospital,Bono,Ghana,1f3ff6e8934df7be1912175142ab3253aa4b29ad05bed6805f7012dfd160b317,train/non_anemic/Image_352.png,11.82,53.07,181,52
Image_353,non_anemic,train,13.3,Non-Anemic,36,Male,Komfo Anokye Teaching Hospital ,Ashanti,Ghana,6fd74e3d17e9aee347626d383ecb80e87b81dcedee24f8b9f388dc3bd7385a41,train/non_anemic/Image_353.png,21.66,70.06,161,73
Image_354,non_anemic,train,12.3,Non-Anemic,24,Female,Bolgatanga Regional Hospital,Upper East,Ghana,e47b76d0dad11625f583288d0f96ce7ad415ae29b7fb5b724767d58a6992f1e4,train/non_anemic/Image_354.png,11.3,57.16,238,105
Image_355,non_anemic,train,13.4,Non-Anemic,12,Female,Bolgatanga Regional Hospital,Upper East,Ghana,35a0933b2806013f0f667acd9d1749ffbb1233f742e4569b87f2a6106e4bf729,train/non_anemic/Image_355.png,7.46,37.54,168,69
Image_356,non_anemic,train,12.3,Non-Anemic,12,Female,Ahmadiyya Muslim Hospital,Bono-East,Ghana,2c891d70b24a02ffaa55eeb76b5378daffcbb0f89bd527da6e60926c3f69e43c,train/non_anemic/Image_356.png,9.27,39.78,282,88
Image_357,non_anemic,train,13.4,Non-Anemic,36,Male,Komfo Anokye Teaching Hospital ,Ashanti,Ghana,108a4b1f2cade3689b083deadddf14ce43e6105c9a0c1a6eab76dd88cbcb0b55,train/non_anemic/Image_357.png,15.94,54.54,264,103
Image_358,anemic,train,10.5,Mild,36,Male,Komfo Anokye Teaching Hospital ,Ashanti,Ghana,1d6659c8b400a529dc8eb924c4916044777c54ba6a7f0b456340c6031f2a7c50,train/anemic/Image_358.png,15.21,55.25,172,52
Image_359,non_anemic,train,12.3,Non-Anemic,12,Male,Ahmadiyya Muslim Hospital,Bono-East,Ghana,02981b2da3ece502dddd4ba9d94ee6a23532e63c57b095025bd69bbe90ba5d53,train/non_anemic/Image_359.png,10.22,46.79,288,110
Image_360,non_anemic,train,12.3,Non-Anemic,24,Female,Ahmadiyya Muslim Hospital,Bono-East,Ghana,8f7cb384adee4f39f4ae15228fc313127dbcad0e301d0103f92fedfc08a3f9ee,train/non_anemic/Image_360.png,15.57,67.68,214,54
Image_361,non_anemic,train,13.4,Non-Anemic,60,Male,Komfo Anokye Teaching Hospital ,Ashanti,Ghana,53fc0a49712c615d5e06eb9f5b008f24b944af54867cf2edee16586b1db28ea3,train/non_anemic/Image_361.png,12.16,50.54,166,62
Image_362,non_anemic,train,12.3,Non-Anemic,60,Female,Ahmadiyya Muslim Hospital,Bono-East,Ghana,98197524f23da133d90bd65f813370b8652de8a80d65360db9ae8a0d4d0e7e46,train/non_anemic/Image_362.png,13.69,58.3,292,97
Image_363,non_anemic,test,13.5,Non-Anemic,6,Male,Bolgatanga Regional Hospital,Upper East,Ghana,fa44070590a25a7f1da2567250508dfc68ac4deebb983228a293fe7febf85684,test/non_anemic/Image_363.png,11.32,49.05,162,46
Image_364,non_anemic,train,12.3,Non-Anemic,60,Male,Manhyia District Hospital,Ashanti,Ghana,0b76df3f125fe530ac02426e819ac3b00f26aeb9f1b70236584e6187748a2f78,train/non_anemic/Image_364.png,14.15,64.58,249,82
Image_365,non_anemic,train,13.6,Non-Anemic,36,Female,Sunyani Municipal Hospital,Bono,Ghana,d640048013e4aa912052ed9507a567709117ee0a643c52af93094a5f0ef79861,train/non_anemic/Image_365.png,10.49,44.17,171,144
Image_366,non_anemic,train,12.5,Non-Anemic,48,Female,Ahmadiyya Muslim Hospital,Bono-East,Ghana,7027c5fb381b1f1406ccc183686b9187df9b72bb3437ab4d5c0280c5bed1b0f6,train/non_anemic/Image_366.png,12.64,47.75,164,119
Image_367,non_anemic,train,13.5,Non-Anemic,60,Female,Ejusu Government Hospital,Ashanti,Ghana,434264f367d5fa33842b6f1804f8381eca8cd74130d015316c6f8eaebc419ea6,train/non_anemic/Image_367.png,13.51,62.95,243,78
Image_368,anemic,test,10.5,Mild,36,Female,Bolgatanga Regional Hospital,Upper East,Ghana,49c7b1e84cf1aaba43b18b4df55ad936816d6597e70d44e70f1a6ed4a2a94044,test/anemic/Image_368.png,23.29,73.9,169,81
Image_370,non_anemic,train,13.5,Non-Anemic,48,Male,Kintampo Municipal Hospital,Bono-East,Ghana,1f159ac91578c46d04f6ca2def7efa8c9d67d19999304c602f4e7d5eb78a732a,train/non_anemic/Image_370.png,17.82,61.36,115,147
Image_371,non_anemic,train,13.5,Non-Anemic,60,Male,Sunyani Municipal Hospital,Bono,Ghana,f455c491b12489ab543cd95e8224ead194ee27def862392ed29b0ef195e47f1b,train/non_anemic/Image_371.png,20.91,65.44,127,103
Image_373,non_anemic,train,13.5,Non-Anemic,36,Female,Manhyia District Hospital,Ashanti,Ghana,4bc2d442d8765e0c12d2b089c3a09fc976de6da2e9d2acb6536add44e717789b,train/non_anemic/Image_373.png,16.64,63.35,241,127
Image_374,non_anemic,validation,13.5,Non-Anemic,48,Male,Bolgatanga Regional Hospital,Upper East,Ghana,f468a8e2b95477818a10480962ffd941e145cc2abd65d7c5d5783a7eca7e478c,validation/non_anemic/Image_374.png,17.89,64.93,226,114
Image_375,non_anemic,train,13.5,Non-Anemic,24,Female,Sunyani Municipal Hospital,Bono,Ghana,1c909f047b9e15c87b28596eae944108266dc352636efbe17a4967c1166b2ae9,train/non_anemic/Image_375.png,15.21,54.26,228,118
Image_376,non_anemic,test,13.5,Non-Anemic,60,Male,Ahmadiyya Muslim Hospital,Bono-East,Ghana,b18afa17cc03ddb5fdd5071dec257174cfddf8cad7b2571cdf517330e3744d66,test/non_anemic/Image_376.png,14.13,52.43,223,96
Image_379,non_anemic,train,13.6,Non-Anemic,60,Female,SDA Hospital,Bono,Ghana,8b113b3699661936cb932e1813b8faca44cc5c7cb92b1b138c8cf71cbd9c18aa,train/non_anemic/Image_379.png,19.24,71.05,223,119
Image_380,non_anemic,validation,13.6,Non-Anemic,36,Female,Kintampo Municipal Hospital,Bono-East,Ghana,477cb49bdf4f97227b4fc2be3cebf2a60380bcd10177ce090b0f365f5a66ac36,validation/non_anemic/Image_380.png,14.72,62.36,202,96
Image_381,non_anemic,train,13.6,Non-Anemic,24,Female,Ahmadiyya Muslim Hospital,Bono-East,Ghana,7a4daa71505dceff0401eba187611ee1f28a2c9477c950687a3a18041ed363fc,train/non_anemic/Image_381.png,12.44,55.94,357,107
Image_382,non_anemic,test,13.6,Non-Anemic,48,Female,Bolgatanga Regional Hospital,Upper East,Ghana,9070217d0811d1df9a305155075e8740250707f0577fc45fce15ec7e7b1fe749,test/non_anemic/Image_382.png,12.04,55.69,304,76
Image_383,anemic,train,7.2,Moderate,48,Male,Sunyani Municipal Hospital,Bono,Ghana,b4c56b9e464afc1a08505fa1d4a5da85db0593223225af991a6b0e559744cd8c,train/anemic/Image_383.png,14.08,56.02,279,91
Image_385,anemic,train,9.6,Moderate,12,Male,Sunyani Municipal Hospital,Bono,Ghana,a82632e31afd9c13ed40edab436b132ef484a16e90861d27309b3ff90453344a,train/anemic/Image_385.png,15.46,56.31,297,118
Image_386,anemic,test,9.6,Moderate,12,Male,Manhyia District Hospital,Ashanti,Ghana,06182a4397e399e9a302d796358aa94372a5bf3075e9d75453b97e6b197be0f5,test/anemic/Image_386.png,19.28,70.9,245,70
Image_389,anemic,train,9.6,Moderate,9,Male,Sunyani Municipal Hospital,Bono,Ghana,8e6ffbf018e260d3ea3e510af6ef7dc629db406eee63c56ab177495988c8f634,train/anemic/Image_389.png,10.7,49.17,225,112
Image_392,anemic,train,10.1,Mild,24,Male,Sunyani Municipal Hospital,Bono,Ghana,498b03005b575a6db771f4e8e2dbc80af42c6198be1274293ca3654f9308a169,train/anemic/Image_392.png,10.3,46.23,267,151
Image_393,anemic,validation,10.1,Mild,12,Female,Komfo Anokye Teaching Hospital ,Ashanti,Ghana,ba08627fa376f255610a734317ee8e724a124502e4d68897a26463169a8d1477,validation/anemic/Image_393.png,14.71,64.75,346,87
Image_394,non_anemic,train,12.8,Non-Anemic,24,Female,Manhyia District Hospital,Ashanti,Ghana,ff6b29dc417ffa3a1c1228d07ddbb3ce33ff150e8f7ff75ab684438d2a912e6e,train/non_anemic/Image_394.png,17.08,65.75,241,82
Image_395,non_anemic,train,12.8,Non-Anemic,60,Male,Ahmadiyya Muslim Hospital,Bono-East,Ghana,dc98a843063f083ade1a0a8718456ec6513533a4634eaee9b945eafcdcbebf85,train/non_anemic/Image_395.png,22.31,74.41,237,57
Image_396,anemic,train,10.1,Mild,24,Male,Komfo Anokye Teaching Hospital ,Ashanti,Ghana,e397c873f60e2f17410a6d080161129aac8fc14634940b7cb4436b32f451827f,train/anemic/Image_396.png,10.03,46.04,235,160
Image_397,anemic,train,10.1,Mild,48,Female,Ahmadiyya Muslim Hospital,Bono-East,Ghana,2b066575e85ba4dbcd2c01488d7bddf5ae7cb786cc12fd43c98e39beff3d334b,train/anemic/Image_397.png,7.49,33.91,262,79
Image_398,anemic,train,10.2,Mild,36,Male,Sunyani Municipal Hospital,Bono,Ghana,8466f7ade696a87c44c31033eee9586a3782fabf96d1dc5c776ec7cb63cccd19,train/anemic/Image_398.png,20.93,66.97,181,121
Image_401,anemic,test,8.9,Moderate,12,Male,Sunyani Municipal Hospital,Bono,Ghana,9920b6dfa927f5e4d8be21ca926ced548636c61fb0809b2e42147c06645cb619,test/anemic/Image_401.png,14.68,56.38,175,139
Image_404,non_anemic,train,12.8,Non-Anemic,60,Female,Sunyani Municipal Hospital,Bono,Ghana,775b6d7ccef2495b108e0088d60e0790730a97ad1f96d412fb8be428f8a0079a,train/non_anemic/Image_404.png,5.85,35.69,229,63
Image_405,anemic,train,10.3,Mild,24,Female,Ahmadiyya Muslim Hospital,Bono-East,Ghana,2fa6f53e565d1e4985b589cb92c8304e72e5888169e5cfb0625b07550bef1839,train/anemic/Image_405.png,15.75,67.37,365,141
Image_408,anemic,train,10.3,Mild,24,Male,Komfo Anokye Teaching Hospital ,Ashanti,Ghana,da5119bef05494ae18fcd581fcdac8864f94cd8d93bd1ebfe0a55a4f8f818b15,train/anemic/Image_408.png,10.04,48.11,271,73
Image_409,non_anemic,validation,11.7,Non-Anemic,48,Female,Bolgatanga Regional Hospital,Upper East,Ghana,21579010941884b4fbcd442e56f8afe9072b6713b5d522597fe5c070540b3360,validation/non_anemic/Image_409.png,5.55,35.0,246,56
Image_410,non_anemic,train,11.7,Non-Anemic,36,Female,Sunyani Municipal Hospital,Bono,Ghana,1c10255049e3af0275e41fe4d375838b67d0b47a77dfb8f3f2c5ec27b3981f3c,train/non_anemic/Image_410.png,11.25,54.0,230,49
Image_412,anemic,train,8,Moderate,12,Male,Ejusu Government Hospital,Ashanti,Ghana,f8969f72a2c19075f9bb67f1d9c252e4411f60d32ab32a20d94949fbc54a3dc7,train/anemic/Image_412.png,17.2,61.93,130,57
Image_413,non_anemic,train,11.7,Non-Anemic,48,Male,Komfo Anokye Teaching Hospital ,Ashanti,Ghana,647b9d50a3f62fce8026e690bc386d2c7e20035d4837d7a84cc8e960962ed21f,train/non_anemic/Image_413.png,8.6,40.17,265,103
Image_414,non_anemic,test,11.7,Non-Anemic,12,Female,Komfo Anokye Teaching Hospital ,Ashanti,Ghana,098ac7556d8235f61c5197aca4265e259c4bb5b6b8c0c82f78616d85d7eef19c,test/non_anemic/Image_414.png,12.7,57.34,238,40
Image_415,non_anemic,test,11.7,Non-Anemic,24,Female,Sunyani Municipal Hospital,Bono,Ghana,a80dbc57c87e27ed3f780fd5dfc975b7562370449e53d60e63ae0eaeff884a8f,test/non_anemic/Image_415.png,12.37,48.48,250,68
Image_416,non_anemic,train,11.7,Non-Anemic,12,Female,Ejusu Government Hospital,Ashanti,Ghana,c5a12b39d54247183d9e67062b2a507e3df6d430274a7d6b0dafb62a562ef928,train/non_anemic/Image_416.png,5.26,34.46,390,105
Image_417,non_anemic,train,11.7,Non-Anemic,36,Female,Nkawie-Toase Government Hospital,Ashanti,Ghana,aad467738bb6bfb3c2ea0d6c52b1c37c65e33b4ea61fd565fc2a037d74a6e35c,train/non_anemic/Image_417.png,6.08,36.57,223,48
Image_418,non_anemic,test,11.7,Non-Anemic,12,Male,Nkawie-Toase Government Hospital,Ashanti,Ghana,737972fa1e0ca2d2142df5d871a5d7fea71b5591d25303be48f6415d9fed4038,test/non_anemic/Image_418.png,14.94,64.36,189,68
Image_419,non_anemic,train,11.72,Non-Anemic,48,Female,Komfo Anokye Teaching Hospital ,Ashanti,Ghana,3eb701b9b3176d15a6eeca0d605cddc82b9592e7b9bba420b7cb4f2b12b943a4,train/non_anemic/Image_419.png,15.63,66.11,168,40
Image_420,non_anemic,train,11.8,Non-Anemic,12,Male,Ahmadiyya Muslim Hospital,Bono-East,Ghana,33868f91449d2fbfc69ef938068e70e39d9d87d644d63d665b647e2200fc0182,train/non_anemic/Image_420.png,19.66,69.57,242,111
Image_421,non_anemic,train,11.8,Non-Anemic,36,Female,Kintampo Municipal Hospital,Bono-East,Ghana,ca4b01f035b2d2f98b652f77d27ea20e37c4419e74c4ac70bc6c1a5d63d25a8f,train/non_anemic/Image_421.png,17.67,66.71,214,82
Image_422,non_anemic,validation,11.8,Non-Anemic,24,Male,Komfo Anokye Teaching Hospital ,Ashanti,Ghana,8a6b219812d6a8f9f2a2eb9036d380b6ff01746cb5c8aefcb002f26457e8b6fa,validation/non_anemic/Image_422.png,19.5,64.71,177,66
Image_423,non_anemic,train,11.8,Non-Anemic,36,Male,Ahmadiyya Muslim Hospital,Bono-East,Ghana,656086de7597d6082519e3bb921c99575798e182b85700c7d30da38fdbf4e57d,train/non_anemic/Image_423.png,12.85,54.21,165,58
Image_424,non_anemic,validation,11.8,Non-Anemic,24,Male,Kintampo Municipal Hospital,Bono-East,Ghana,6f00fc6389cb69d4739570f302268c297abb095b84e331f8ac651a1efb908a83,validation/non_anemic/Image_424.png,15.88,61.42,258,85
Image_425,anemic,train,8,Moderate,24,Female,Sunyani Municipal Hospital,Bono,Ghana,303ccf3d4ff6ba05f7cc0d0845c7708c38e7be63cdfd5edb9ab3035dbda36204,train/anemic/Image_425.png,12.88,44.72,144,141
Image_426,non_anemic,train,11.8,Non-Anemic,48,Male,Manhyia District Hospital,Ashanti,Ghana,b67c9e289daca244e073e9ef52a0b8784907a6d0eff726d717cb65f8d9b2392b,train/non_anemic/Image_426.png,10.53,51.17,240,55
Image_427,anemic,validation,9.3,Moderate,48,Female,Bolgatanga Regional Hospital,Upper East,Ghana,624b553f310fc3e4e03b5a0132001869b91d8ce0f39f316a056037f641cfc027,validation/anemic/Image_427.png,9.79,42.2,315,94
Image_428,anemic,test,10.6,Mild,36,Male,Komfo Anokye Teaching Hospital ,Ashanti,Ghana,e3d6ab8ab5671e51c8eb83634865c4ee57478bdea34044d4e4c6f3951989f919,test/anemic/Image_428.png,15.68,58.59,151,84
Image_429,anemic,validation,10.6,Mild,36,Female,Nkawie-Toase Government Hospital,Ashanti,Ghana,909dfdbe6454185331857dd29bc255c6941023ee174eb2ae2734a4b863c9c5bb,validation/anemic/Image_429.png,10.94,50.29,208,96
Image_430,non_anemic,train,13.6,Non-Anemic,48,Male,Kintampo Municipal Hospital,Bono-East,Ghana,c0867978c5ea67e08347004d1a010cbdcf9e25d7e1190a5d2cb290adc58c6d74,train/non_anemic/Image_430.png,13.95,56.89,187,76
Image_431,non_anemic,test,13.6,Non-Anemic,24,Male,Ahmadiyya Muslim Hospital,Bono-East,Ghana,016133cb6e9a429a711cb066fc8f93c4cd570f4795be590fca879c0a232e17fc,test/non_anemic/Image_431.png,24.26,79.21,184,64
Image_432,non_anemic,train,13.6,Non-Anemic,12,Female,Ahmadiyya Muslim Hospital,Bono-East,Ghana,f2fcd569a10ea41e4bbd47ba46af8c2c4c00a97aec36d716ad0d830cb1f747cf,train/non_anemic/Image_432.png,20.52,73.94,171,55
Image_434,non_anemic,train,13.7,Non-Anemic,60,Male,Kintampo Municipal Hospital,Bono-East,Ghana,85539ac3f2197e1f6eec68056e1f27abee4e450880b1413552c0af391c7a987e,train/non_anemic/Image_434.png,13.15,56.32,355,97
Image_436,non_anemic,test,13.8,Non-Anemic,24,Male,Komfo Anokye Teaching Hospital ,Ashanti,Ghana,b28289a7ce52de767352a8eafb7a5d6f311921f796dbd6541dca64da3bde7a79,test/non_anemic/Image_436.png,15.64,61.95,306,96
Image_437,non_anemic,train,13.8,Non-Anemic,36,Male,Sunyani Municipal Hospital,Bono,Ghana,0203cb28914f30356e657e12254d7ef6f2d752a618b0910a430deb926b14b850,train/non_anemic/Image_437.png,17.68,72.83,370,139
Image_438,anemic,train,10.6,Mild,36,Male,Sunyani Municipal Hospital,Bono,Ghana,669201b8353a8abb960341d3fcd9d52d10787e8aa70061673cc92874f71cd7d2,train/anemic/Image_438.png,13.7,55.98,179,79
Image_439,anemic,train,10.6,Mild,48,Male,Ahmadiyya Muslim Hospital,Bono-East,Ghana,3817bb515128dcfcc0431533737a0f88506fff390dca455e9345f7ae6fffcaf9,train/anemic/Image_439.png,12.4,50.92,178,57
Image_440,non_anemic,train,13.8,Non-Anemic,36,Male,Ahmadiyya Muslim Hospital,Bono-East,Ghana,a325e485d7338fe06f59b91381d98ccc4934a747717e8faf028fb8dd21c99305,train/non_anemic/Image_440.png,20.02,67.47,190,112
Image_442,anemic,test,10.6,Mild,11,Female,Kintampo Municipal Hospital,Bono-East,Ghana,6ac5b054ae362087976d80ebf6550143b7cd49576f6e507c59d7aaac9a75a912,test/anemic/Image_442.png,15.89,62.41,264,112
Image_443,anemic,train,10.6,Mild,36,Male,Nkawie-Toase Government Hospital,Ashanti,Ghana,dddb35bd00199581219dd3b883c8dfa51d590d5edafef198564ec6b903c431a2,train/anemic/Image_443.png,19.28,70.9,245,70
Image_447,non_anemic,validation,14.1,Non-Anemic,24,Female,Komfo Anokye Teaching Hospital ,Ashanti,Ghana,90ed2f99d0719c7a0666c989bf64c6ea4348230f1e9080639584984c2268ae41,validation/non_anemic/Image_447.png,16.81,62.71,184,108
Image_448,anemic,train,10.8,Mild,36,Male,Bolgatanga Regional Hospital,Upper East,Ghana,00d11c32ce32928d03570198d145b724b303613445004d2758010a2153ef748a,train/anemic/Image_448.png,8.9,44.83,160,64
Image_450,non_anemic,train,14.2,Non-Anemic,12,Male,Sunyani Municipal Hospital,Bono,Ghana,c9199b468f507da28e13ac073e5745669c6a9657938bf4bb5a7060f7f844f374,train/non_anemic/Image_450.png,20.73,72.37,157,90
Image_451,non_anemic,train,11.1,Non-Anemic,12,Male,Komfo Anokye Teaching Hospital ,Ashanti,Ghana,e7966044d55d025469bfd270f2c74e07150c5086ca4275da03f01806ef34ff36,train/non_anemic/Image_451.png,24.83,76.93,157,94
Image_452,non_anemic,train,12.1,Non-Anemic,12,Male,Sunyani Municipal Hospital,Bono,Ghana,903e3148cde3a5113f9a73f1ef1f77253c3e39c356dc2961315cae9ae8e6c8e4,train/non_anemic/Image_452.png,16.51,66.06,208,103
Image_453,non_anemic,test,11.2,Non-Anemic,48,Male,Komfo Anokye Teaching Hospital ,Ashanti,Ghana,bddfd7b31c4d984aebf83727bfdf4797ccfaf88f61638697ce0591fc72309512,test/non_anemic/Image_453.png,20.9,72.97,202,111
Image_454,non_anemic,train,12.1,Non-Anemic,36,Male,Sunyani Municipal Hospital,Bono,Ghana,92c4c04f0ad3a7553396d18a34d01d6cb0d92343d844d24c67e7a0ab596dc207,train/non_anemic/Image_454.png,14.56,59.52,263,78
Image_455,non_anemic,train,11.2,Non-Anemic,24,Female,Bolgatanga Regional Hospital,Upper East,Ghana,80e415174ab97fb33ef97f87e1c38bba0f87c3c744fe1eedc0b904c6d55e17fa,train/non_anemic/Image_455.png,18.45,68.72,217,73
Image_456,non_anemic,train,12.1,Non-Anemic,12,Male,Sunyani Municipal Hospital,Bono,Ghana,89e32bc2ba592aed25950ede3e34d3b3bd8c7a7df164fa66b9d76fc20f792ea3,train/non_anemic/Image_456.png,19.12,70.91,321,106
Image_457,non_anemic,train,12.1,Non-Anemic,24,Male,Bolgatanga Regional Hospital,Upper East,Ghana,2fff385bd8f4bc5e15d8be0a91de909fb8ce4bd3f28f4a035a037122b9fb92ac,train/non_anemic/Image_457.png,15.52,64.71,306,112
Image_458,non_anemic,validation,12.15,Non-Anemic,48,Male,Ahmadiyya Muslim Hospital,Bono-East,Ghana,702cdb35469e501e0aa15cd927fae8d72f3ce623c910adc5d160ddadd9ac8915,validation/non_anemic/Image_458.png,23.88,80.08,328,115
Image_459,non_anemic,test,12.2,Non-Anemic,48,Female,Sunyani Municipal Hospital,Bono,Ghana,beaf0afc56463f6a29e984df1384001c47324bb78f036a94d8f8afe9bcd4c23a,test/non_anemic/Image_459.png,18.38,72.05,342,106
Image_460,anemic,validation,9.2,Moderate,12,Male,Kintampo Municipal Hospital,Bono-East,Ghana,9c2a406ea5d9087a2681bbec9771b613f3d11050b0c5f41f6a237921f148fb27,validation/anemic/Image_460.png,13.94,54.08,174,66
Image_461,anemic,train,9.2,Moderate,12,Male,Sunyani Municipal Hospital,Bono,Ghana,4d25970b6ece0e795841af8aec7625584950a3f156b5bc7fee965de3bd10de97,train/anemic/Image_461.png,16.68,63.3,157,66
Image_462,non_anemic,train,12.5,Non-Anemic,48,Female,Sunyani Municipal Hospital,Bono,Ghana,005d5babb1db76b6911922f09b16a2bf3c38307bfd0a1c2916a2c6028435c5ef,train/non_anemic/Image_462.png,19.32,71.98,369,112
Image_463,non_anemic,train,12.5,Non-Anemic,48,Male,Bolgatanga Regional Hospital,Upper East,Ghana,cb449f91bdeefe2ba1406ee376488aec5b59514faeccbb99a8fafa1e37fac72c,train/non_anemic/Image_463.png,15.38,65.26,382,114
Image_464,non_anemic,train,12.5,Non-Anemic,48,Male,Nkawie-Toase Government Hospital,Ashanti,Ghana,0bfe3dfa65f5745e65b6f48c819ea1a992248bd77da5b67362a91ce33535ce3a,train/non_anemic/Image_464.png,19.09,73.54,169,70
Image_465,non_anemic,test,12.5,Non-Anemic,36,Female,Nkawie-Toase Government Hospital,Ashanti,Ghana,9bdb601a1631eb8fceefb678d1e87457c1e4d13af54b78c1552186df5e854eb0,test/non_anemic/Image_465.png,14.68,65.7,321,102
Image_466,non_anemic,train,12.6,Non-Anemic,36,Female,Nkawie-Toase Government Hospital,Ashanti,Ghana,8ef306152b04da8dcc7807b967c22e195e7fcd97180a2f4e77afd69f4fabe4a6,train/non_anemic/Image_466.png,11.11,53.33,265,115
Image_467,non_anemic,train,12.6,Non-Anemic,60,Male,Sunyani Municipal Hospital,Bono,Ghana,587df56e5c998e445dee54cc44005eda92b4fc1f1b8ce9ebc2dc9cbd89ac45c5,train/non_anemic/Image_467.png,12.75,57.07,262,96
Image_468,non_anemic,validation,12.7,Non-Anemic,24,Female,Sunyani Municipal Hospital,Bono,Ghana,93b4de4c042d54dd8ffec1fe02a739a174c0131df4bb661390d9500087ef3f80,validation/non_anemic/Image_468.png,18.88,66.36,183,46
Image_469,non_anemic,validation,12.6,Non-Anemic,24,Male,Sunyani Municipal Hospital,Bono,Ghana,9bf7a0f22b93f71afbafcc5344814f1fb6a539b741d3c935efbbdcbeca8c1e37,validation/non_anemic/Image_469.png,22.7,71.51,187,61
Image_470,non_anemic,test,12.6,Non-Anemic,48,Male,Sunyani Municipal Hospital,Bono,Ghana,627b6e7882079a813e5aeca5533cfe1b396b9482aa5e628f811bbaac37cd289d,test/non_anemic/Image_470.png,9.04,48.6,308,87
Image_471,anemic,test,10.1,Mild,24,Male,Nkawie-Toase Government Hospital,Ashanti,Ghana,dbcf31e247d0c27b260e339912474f12294eee9984c06f7dee17798fa066de6f,test/anemic/Image_471.png,19.1,67.56,147,45
Image_472,non_anemic,test,12.7,Non-Anemic,24,Female,Sunyani Municipal Hospital,Bono,Ghana,3fb9aed69df53e7931ddc36d98fa7534188b58d62a66cff76434967a245d173e,test/non_anemic/Image_472.png,7.66,44.82,277,52
Image_474,non_anemic,train,12.7,Non-Anemic,60,Female,Bolgatanga Regional Hospital,Upper East,Ghana,62dd27686682b3585c9eed988e974de78cc75ac3ac548e0551f17e0e1bb52652,train/non_anemic/Image_474.png,20.02,71.57,300,106
Image_475,non_anemic,train,12.8,Non-Anemic,60,Male,Ahmadiyya Muslim Hospital,Bono-East,Ghana,934b7c6b63379707eda97646173ce6e07e0ce15ef9b3e28487d1667921d572d3,train/non_anemic/Image_475.png,12.85,58.52,301,87
Image_478,anemic,test,6.1,Severe,12,Male,Ahmadiyya Muslim Hospital,Bono-East,Ghana,3af20ddeef6316450d13a58600bf1cbb96882c7a1c282e9e85de0c679b0cb334,test/anemic/Image_478.png,12.33,47.47,170,45
Image_479,non_anemic,train,11.1,Non-Anemic,24,Male,Sunyani Municipal Hospital,Bono,Ghana,ad2ca4ad233c993f15171c9690e3d5400e1ae2bcf6c0a451b65cf978f28acfcd,train/non_anemic/Image_479.png,14.87,58.33,226,106
Image_481,non_anemic,train,11.2,Non-Anemic,48,Male,Sunyani Municipal Hospital,Bono,Ghana,eb66ffd12768d51735ae3e76a3f4c844b9ae460cc3af023f1b390c6b3307f8a3,train/non_anemic/Image_481.png,14.77,58.8,208,123
Image_482,anemic,train,6.3,Severe,60,Female,Kintampo Municipal Hospital,Bono-East,Ghana,c5fac67c07a550b3b3c4fa421994d522dd55b5063c6b507cea88c603ce113101,train/anemic/Image_482.png,10.6,44.59,162,40
Image_483,non_anemic,validation,11.2,Non-Anemic,6,Male,Komfo Anokye Teaching Hospital ,Ashanti,Ghana,308a23cff6022ddb5d2c45866a6d65ecb56f100284ec14e2d8fc63ca093d8a66,validation/non_anemic/Image_483.png,20.45,58.05,160,127
Image_484,anemic,train,6.3,Severe,12,Male,Kintampo Municipal Hospital,Bono-East,Ghana,5139300770706401cb3c647bbc5092d95b79bda26f67f13728c52aa833d766d4,train/anemic/Image_484.png,13.29,49.22,134,68
Image_486,non_anemic,validation,11.2,Non-Anemic,24,Male,Komfo Anokye Teaching Hospital ,Ashanti,Ghana,a78d0dad817c623b2f025e5202f0d14976d8e1c6cab275467751eda919664df4,validation/non_anemic/Image_486.png,5.93,28.56,282,76
Image_488,anemic,train,6.4,Severe,12,Male,Komfo Anokye Teaching Hospital ,Ashanti,Ghana,b5da2d1adab022c9805d73e8a8a40bc857f25dd4d929fa4d90f9ddfca995362c,train/anemic/Image_488.png,11.13,51.67,274,49
Image_490,anemic,train,8.9,Moderate,8,Male,Nkawie-Toase Government Hospital,Ashanti,Ghana,6f8f2af0f409ceb655302c7226fb8bec3ee37f479bf80d2a5c2931fe2a3c4bc6,train/anemic/Image_490.png,11.08,53.71,252,64
Image_491,non_anemic,train,12,Non-Anemic,36,Female,Nkawie-Toase Government Hospital,Ashanti,Ghana,c728c33d87b81c336a0f415e5709cda238d980f0e7900a74dac742ba627fe61c,train/non_anemic/Image_491.png,11.7,55.23,184,83
Image_493,non_anemic,train,12.1,Non-Anemic,24,Female,Manhyia District Hospital,Ashanti,Ghana,c0a72d9e75e5bd808b6a5c94df0f047faaf9c132a56a9abf104bc8e7034ea86c,train/non_anemic/Image_493.png,9.55,50.72,322,103
Image_494,anemic,validation,9,Moderate,60,Male,Ahmadiyya Muslim Hospital,Bono-East,Ghana,187d37ad42edf37c638f301607d8031e9a7ce68e7cfcd2fb3055ec9949f11d69,validation/anemic/Image_494.png,15.22,66.56,228,87
Image_496,anemic,validation,9.1,Moderate,48,Female,Kintampo Municipal Hospital,Bono-East,Ghana,2c35b49bf7bfd693e348c3d50003039de3ad85bc5cb0601966f2a595efcf3bbe,validation/anemic/Image_496.png,11.59,47.58,356,232
Image_497,anemic,validation,9.1,Moderate,24,Male,Ejusu Government Hospital,Ashanti,Ghana,dfef1931f86c99f13646ed44033a44255a5a87c0ca5b33fca4e1559b13157924,validation/anemic/Image_497.png,17.49,65.94,234,84
Image_498,non_anemic,train,12.1,Non-Anemic,36,Male,Bolgatanga Regional Hospital,Upper East,Ghana,2d29b9c8a7ce25383a913014eac891cff02bb29c3c254b4570c916b7392eb8f7,train/non_anemic/Image_498.png,14.03,56.1,291,129
Image_501,anemic,train,9.1,Moderate,48,Male,Ahmadiyya Muslim Hospital,Bono-East,Ghana,7dd1abfe6d01406f0fa9a61fe60ce333e68a7152de9c122b051f28e01625db03,train/anemic/Image_501.png,8.23,45.51,391,118
Image_503,anemic,train,10.2,Mild,12,Male,Manhyia District Hospital,Ashanti,Ghana,ddf86e482b00aacfe756576b45f963b88e8d13ac51348fe9625c5b5b4ef35341,train/anemic/Image_503.png,26.51,78.95,126,61
Image_504,anemic,train,10.2,Mild,12,Female,Sunyani Municipal Hospital,Bono,Ghana,e3c9ddd1fc700b4782714e40fdeecf8976c0b362de72de392a7a352649a75b6b,train/anemic/Image_504.png,17.34,61.0,153,65
Image_506,non_anemic,train,13,Non-Anemic,48,Male,Bolgatanga Regional Hospital,Upper East,Ghana,444c4793047a94fe9299ef0ab36ce723faf34296fb5472b2c5eaa882b163db7c,train/non_anemic/Image_506.png,16.14,60.56,211,97
Image_507,non_anemic,train,13,Non-Anemic,60,Male,Nkawie-Toase Government Hospital,Ashanti,Ghana,55bb63469e89528e7bb5865bce81de3c2a8026c698a4549d4f0638ece3aa0874,train/non_anemic/Image_507.png,9.96,49.54,302,79
Image_508,non_anemic,train,13,Non-Anemic,24,Female,Komfo Anokye Teaching Hospital ,Ashanti,Ghana,89828fd8432972651f8976d2d243d43f1ea4451e627bb09b93cb62604bda3aab,train/non_anemic/Image_508.png,7.44,43.27,274,73
Image_510,anemic,train,9.5,Moderate,60,Female,SDA Hospital,Bono,Ghana,6c4a02aab5a13ee12122ea30139e147af9b1e987e796f42a3097b87f9050804a,train/anemic/Image_510.png,15.11,53.95,204,79
Image_512,anemic,train,9.5,Moderate,24,Male,Komfo Anokye Teaching Hospital ,Ashanti,Ghana,449781542d351ac72cec11679aeee7aa0860fda51f755575c49650d6c9895e97,train/anemic/Image_512.png,11.73,48.56,198,72
Image_513,anemic,train,9.6,Moderate,48,Male,Nkawie-Toase Government Hospital,Ashanti,Ghana,2c1000afe4156ea181b2f023dc9c3d76ebac03eacd407e3051ee9a1ce1e67bc9,train/anemic/Image_513.png,14.2,63.06,289,81
Image_515,anemic,train,9.6,Moderate,48,Male,Kintampo Municipal Hospital,Bono-East,Ghana,7706d321abceaf0d1c8371e03699b132f49243d6cc0dddf2e75ce443170fa47d,train/anemic/Image_515.png,17.81,70.17,256,70
Image_516,anemic,train,9.6,Moderate,12,Female,Bolgatanga Regional Hospital,Upper East,Ghana,65f11349497caf7aad37070ddc4d4d3541f79247f30c95cd58bedf2b10140129,train/anemic/Image_516.png,12.44,46.83,320,139
Image_517,non_anemic,train,12.3,Non-Anemic,12,Female,Ahmadiyya Muslim Hospital,Bono-East,Ghana,3e4afc1d96f6a08cb075bc698bfae020727da06061587cf61fc4ea5c543b80fd,train/non_anemic/Image_517.png,15.29,56.54,331,114
Image_519,anemic,train,9.5,Moderate,36,Female,Ejusu Government Hospital,Ashanti,Ghana,d4728e91a2d8db7c4ef1f1721aa12ede6567d5b69109e61a2c3cc5d0a9f6d1ab,train/anemic/Image_519.png,9.6,41.59,315,141
Image_522,non_anemic,train,12.4,Non-Anemic,24,Female,Komfo Anokye Teaching Hospital ,Ashanti,Ghana,7d77eed1999113770a6cd50eadd7ebb926ba34f4e6f500ca2dab26fc39fbd99e,train/non_anemic/Image_522.png,11.38,58.42,447,166
Image_523,anemic,validation,9.5,Moderate,24,Female,Kintampo Municipal Hospital,Bono-East,Ghana,5e4dda226f3c67663aaecd9699ffe3c2803d0e6d18e8112e574fb04ce8321f07,validation/anemic/Image_523.png,13.37,48.45,166,85
Image_524,anemic,test,9.7,Moderate,24,Male,Bolgatanga Regional Hospital,Upper East,Ghana,9bc416d4bf92dbd84cef5c7c27c68af2d34754026eb5b2812d703dddfc8fd704,test/anemic/Image_524.png,9.88,50.45,295,88
Image_527,anemic,train,9.7,Moderate,24,Male,Komfo Anokye Teaching Hospital ,Ashanti,Ghana,97ac6eb8005416cc3ea5067bc00000ec7f4699ca51ce08db74b584d8eef987a4,train/anemic/Image_527.png,11.34,53.69,292,100
Image_528,anemic,train,9.7,Moderate,36,Female,Ahmadiyya Muslim Hospital,Bono-East,Ghana,8c0e56a46d11aaa4fe8477d09c211f62bd6e5bad4141eadc2cddf65f5d752121,train/anemic/Image_528.png,12.03,51.4,301,109
Image_529,non_anemic,train,12.4,Non-Anemic,24,Female,Kintampo Municipal Hospital,Bono-East,Ghana,672613b63cda66de066b9e4613cdf5142bd7347e68c69ea4a126f8b9cabccd45,train/non_anemic/Image_529.png,13.64,63.51,436,159
Image_530,anemic,train,9.7,Moderate,24,Female,Komfo Anokye Teaching Hospital ,Ashanti,Ghana,29706576255c57c766e925969d2cde10994d29bdf924e209fe13417777cbb7b6,train/anemic/Image_530.png,19.71,72.81,222,64
Image_531,non_anemic,train,12.3,Non-Anemic,48,Female,Sunyani Municipal Hospital,Bono,Ghana,2492c623978585dd517f76112dd38916553e4d70eab27556325423cf92dc40f9,train/non_anemic/Image_531.png,15.5,56.35,334,105
Image_532,anemic,train,9.5,Moderate,60,Female,Kintampo Municipal Hospital,Bono-East,Ghana,f3c5527b3810407e9657f1b5c49240937eca0552c19ab65a01490aafbf334e0d,train/anemic/Image_532.png,8.25,39.02,219,73
Image_535,anemic,train,9.7,Moderate,60,Female,Nkawie-Toase Government Hospital,Ashanti,Ghana,22ac66caf8a02ce3679525d210cab94c2ec691779785fb861f85a2019269333e,train/anemic/Image_535.png,10.68,44.18,176,55
Image_536,anemic,train,9.5,Moderate,12,Male,Bolgatanga Regional Hospital,Upper East,Ghana,a16caf7e4ff3a4554f17005ab7517c316556c223a7395b5f0e2093f292a91923,train/anemic/Image_536.png,8.64,46.6,272,79
Image_538,non_anemic,train,12.3,Non-Anemic,12,Female,Nkawie-Toase Government Hospital,Ashanti,Ghana,191e6b91cf5544e16ec87f1886c029b7fb5db53db7a6f1878b63b7dddec5d9e3,train/non_anemic/Image_538.png,10.47,51.33,506,160
Image_539,anemic,train,9.6,Moderate,24,Male,Bolgatanga Regional Hospital,Upper East,Ghana,77f8642836df1b6df7a5b573b16c5185b7c4a959eb897c292cc480cc06a3000a,train/anemic/Image_539.png,7.78,37.66,287,79
Image_542,anemic,train,10,Mild,48,Male,Ejusu Government Hospital,Ashanti,Ghana,9df3c729f7e6190a4046dd90375bbf1496694d192f6b4a085b465890adf6e318,train/anemic/Image_542.png,12.62,57.1,223,58
Image_543,non_anemic,validation,12.6,Non-Anemic,48,Male,Bolgatanga Regional Hospital,Upper East,Ghana,b5793f3f6c235dac5a73baa0240498609ef2eda8b25392dd97f34df8d2f7f830,validation/non_anemic/Image_543.png,13.38,49.21,150,74
Image_544,anemic,train,10,Mild,36,Male,Komfo Anokye Teaching Hospital ,Ashanti,Ghana,48f3ec90c121ccc5567aa390775e377d0b7816cfd9122d74a38552f83a1fa757,train/anemic/Image_544.png,15.41,60.79,244,70
Image_545,anemic,train,10,Mild,12,Female,Manhyia District Hospital,Ashanti,Ghana,81028130cd7035e18e31a7a7747a6e0f94ea62e9c09ea4716f47ce6f6797ceee,train/anemic/Image_545.png,14.42,59.4,249,54
Image_546,anemic,validation,10,Mild,36,Male,Komfo Anokye Teaching Hospital ,Ashanti,Ghana,4c598f19549a040c5774fad23d5d6bd729f22b1d7ce6b56f4e501a0cbcdf3bcb,validation/anemic/Image_546.png,8.18,35.74,244,144
Image_549,non_anemic,train,12.6,Non-Anemic,12,Female,Komfo Anokye Teaching Hospital ,Ashanti,Ghana,b6bade2bf6b96031ea8fe72a3f3f15aa14cf590b12abdebd3655df3d56b382fd,train/non_anemic/Image_549.png,21.85,68.41,178,69
Image_550,non_anemic,train,12.6,Non-Anemic,12,Female,Komfo Anokye Teaching Hospital ,Ashanti,Ghana,aeb743fc97d94b3c45c8ed050c7bcb7763287306d4d31f136e122270d4538108,train/non_anemic/Image_550.png,20.2,66.01,166,46
Image_551,non_anemic,train,12.6,Non-Anemic,24,Male,Bolgatanga Regional Hospital,Upper East,Ghana,a2f33af8abb7cf1985c5397bb7d12490d42cf7196b8771ae0430e561f3b5fb9c,train/non_anemic/Image_551.png,13.17,55.8,364,91
Image_553,non_anemic,train,12.6,Non-Anemic,60,Female,Ahmadiyya Muslim Hospital,Bono-East,Ghana,00f78f8f1b94ab688ccbb30b337c54891f1443abc32354a3d82ca78f0bd8724c,train/non_anemic/Image_553.png,11.91,53.23,353,78
Image_554,anemic,train,10,Mild,12,Male,Ahmadiyya Muslim Hospital,Bono-East,Ghana,b9d7a350e795b8cc86d045ec0fd4bf56b1d3e3f86925c62f008bd41496a15980,train/anemic/Image_554.png,11.78,53.8,229,48
Image_557,anemic,train,10,Mild,12,Female,Bolgatanga Regional Hospital,Upper East,Ghana,f8528e9f5ab835a1ce0f6a8d5323340560b0297818fd91603b86ee689d77272b,train/anemic/Image_557.png,11.29,51.92,237,72
Image_558,non_anemic,train,12.6,Non-Anemic,36,Female,Ahmadiyya Muslim Hospital,Bono-East,Ghana,63ca0ab7be1c2a527dcd9aa95ccf9f48b0d358f9c3bfe13c1b028019b1a1f09f,train/non_anemic/Image_558.png,13.36,52.87,252,154
Image_559,non_anemic,train,12.6,Non-Anemic,36,Male,Kintampo Municipal Hospital,Bono-East,Ghana,011c3123daad9f341307efc64b0dab3cf26401867eced3c5cdd121123b2fa18a,train/non_anemic/Image_559.png,14.87,55.36,240,148
Image_561,non_anemic,train,12.6,Non-Anemic,36,Female,Komfo Anokye Teaching Hospital ,Ashanti,Ghana,72e705c8f60a8e4738de796b565b3d985ed0356d13d3e98945437c783f0eed87,train/non_anemic/Image_561.png,20.2,77.49,190,156
Image_562,anemic,train,10.05,Mild,48,Male,Nkawie-Toase Government Hospital,Ashanti,Ghana,8840aff039f3a9f39cf02349ad8b103c73cc07efe731fe3a17edfe81933c8ecf,train/anemic/Image_562.png,19.91,70.22,178,78
Image_564,anemic,train,10.1,Mild,24,Male,Sunyani Municipal Hospital,Bono,Ghana,646f300460e49fb2a96e0d17c3de58109145c65f62d61233ad89436e97605ee7,train/anemic/Image_564.png,12.6,54.76,228,79
Image_565,anemic,train,10.1,Mild,12,Female,Komfo Anokye Teaching Hospital ,Ashanti,Ghana,729b91429226a1ad2c5e49cd69da0c9371ba5e2702134fa4d16adcbabb3f2960,train/anemic/Image_565.png,12.03,51.4,301,109
Image_566,non_anemic,train,12.8,Non-Anemic,12,Female,Bolgatanga Regional Hospital,Upper East,Ghana,1009c88eda289676cb58623c94feca7d7c4aaaeb5f866663a29e0cfdb44e0570,train/non_anemic/Image_566.png,9.91,55.07,513,160
Image_567,anemic,train,10.2,Mild,12,Female,Ejusu Government Hospital,Ashanti,Ghana,435a7d3d5dfb55786f71e56e83d1c968c20d2ea22931c53790a76d2c4f940273,train/anemic/Image_567.png,17.61,64.65,211,63
Image_568,anemic,train,10.2,Mild,48,Female,Manhyia District Hospital,Ashanti,Ghana,209b184fd46a20a466e2116c0660296292df1dade96df99c747c83721668276f,train/anemic/Image_568.png,15.07,60.63,201,52
Image_570,non_anemic,train,12.1,Non-Anemic,24,Male,Komfo Anokye Teaching Hospital ,Ashanti,Ghana,ff78ab6a2d2a3f62f78abebed7cacda09157947a19548119b1eb5989c56777e9,train/non_anemic/Image_570.png,8.6,51.59,471,157
Image_571,non_anemic,train,12,Non-Anemic,36,Male,Ahmadiyya Muslim Hospital,Bono-East,Ghana,3e6c0c29e24f96a00b239571da653e5146cf0c54ceafd6016d8feb0c80e4ca75,train/non_anemic/Image_571.png,12.11,42.39,373,247
Image_572,anemic,train,9,Moderate,36,Male,Sunyani Municipal Hospital,Bono,Ghana,420e685e72a29d6cda989d42951c8534640a2faaa015ce31aecc0ea7f85d3679,train/anemic/Image_572.png,15.96,59.41,262,130
Image_573,anemic,train,9,Moderate,48,Female,Kintampo Municipal Hospital,Bono-East,Ghana,e8529ac8684b9502e416d9e48fb72e97d4dbfdee48d6efef870673c5b11bc989,train/anemic/Image_573.png,18.04,62.88,192,73
Image_574,anemic,test,9.1,Moderate,48,Male,Nkawie-Toase Government Hospital,Ashanti,Ghana,d225af866993e863d7ec69669ec7746ddce886e4e634ebcedb8ec2a6cf8dd15c,test/anemic/Image_574.png,19.47,65.18,175,51
Image_575,anemic,train,7.9,Moderate,36,Male,Sunyani Municipal Hospital,Bono,Ghana,6d03ee13eed09c6b128c53bcd01c7a5ad4b711f48c0425c3312f2304f04ed6cb,train/anemic/Image_575.png,5.41,26.75,267,79
Image_576,non_anemic,train,11.6,Non-Anemic,60,Male,Sunyani Municipal Hospital,Bono,Ghana,2f3b19d7863c87da08e3f854ebd3ca1e0ea45a9759f4cf17b4a863e868c795f6,train/non_anemic/Image_576.png,9.86,46.25,354,69
Image_579,anemic,validation,8.1,Moderate,36,Male,Kintampo Municipal Hospital,Bono-East,Ghana,7bf44494ff949697babec15fd5c2ce5889301ad49771fd60aede2eb913bc3816,validation/anemic/Image_579.png,21.68,76.18,217,60
Image_582,anemic,train,9.2,Moderate,36,Female,Ahmadiyya Muslim Hospital,Bono-East,Ghana,13c35a708b9265082d840eea384d1a85fd3db28d9378fdb826f907cd13f61290,train/anemic/Image_582.png,36.86,89.8,151,103
Image_583,anemic,train,10.2,Mild,48,Female,Sunyani Municipal Hospital,Bono,Ghana,1d53ad8c4a92f126fafa4f627b28bcfc7551621fa1eb4215401593fab0e92505,train/anemic/Image_583.png,15.88,60.69,244,87
Image_584,anemic,validation,10.2,Mild,12,Female,Bolgatanga Regional Hospital,Upper East,Ghana,2448779d6a122ea96bd2aefff8eb65b323f7048ef3cfc21cb463346d2ee5d06e,validation/anemic/Image_584.png,19.88,66.56,195,63
Image_585,non_anemic,validation,13.9,Non-Anemic,60,Male,Sunyani Municipal Hospital,Bono,Ghana,9565fce0c47f5eeb0abdc076d5a29374cd6cb7b0413c37e44cdfb416843b5337,validation/non_anemic/Image_585.png,13.84,57.24,172,37
Image_589,anemic,validation,7.3,Moderate,36,Female,Manhyia District Hospital,Ashanti,Ghana,deace4854cb214f78f8efa89e0770302f9f2df2612a378688502614b63e4d76b,validation/anemic/Image_589.png,22.02,75.19,237,70
Image_591,non_anemic,train,11.5,Non-Anemic,60,Male,Nkawie-Toase Government Hospital,Ashanti,Ghana,6432a11fc94fa5bc36665e43a901a5cd86b3e618bdec8b78c0f7a46bf479feaf,train/non_anemic/Image_591.png,16.86,70.94,285,157
Image_592,non_anemic,train,11.52,Non-Anemic,36,Male,Sunyani Municipal Hospital,Bono,Ghana,6a50dba7b05366bbfbba109f94b25a5d0ea307a052d6233bbae77da107478125,train/non_anemic/Image_592.png,15.99,69.09,263,133
Image_594,anemic,train,7.4,Moderate,24,Male,Ahmadiyya Muslim Hospital,Bono-East,Ghana,5404fd002cf01f21833260b1206f163186e41143467f82e59e4b8d0413c98dc3,train/anemic/Image_594.png,21.28,68.74,165,48
Image_596,anemic,train,7.5,Moderate,60,Male,Nkawie-Toase Government Hospital,Ashanti,Ghana,f33a6d79a43c8e35920724628a674c7053c329c9eafc1b3acaecaf84e881b88b,train/anemic/Image_596.png,12.98,57.53,172,51
Image_597,anemic,validation,7.5,Moderate,48,Male,Nkawie-Toase Government Hospital,Ashanti,Ghana,4e0b9482e47597417f0671e77ca7a5fced390807719b342fa0d89d5cecf11d86,validation/anemic/Image_597.png,17.44,58.06,289,140
Image_599,anemic,train,7.5,Moderate,12,Male,Ahmadiyya Muslim Hospital,Bono-East,Ghana,c469625527f82e684cbdf83734f7aae005a26a335b770f3313e378d35e76356a,train/anemic/Image_599.png,17.48,58.42,261,141
Image_601,non_anemic,validation,11.6,Non-Anemic,12,Male,Sunyani Municipal Hospital,Bono,Ghana,88d50cf07e9604d5c8af8d4662f47dc93d1f62f66436119809c8b7da5642d7a3,validation/non_anemic/Image_601.png,10.23,50.48,211,46
Image_606,anemic,train,7.7,Moderate,48,Male,Sunyani Municipal Hospital,Bono,Ghana,fc865f396164844397444628ad1092d502ccf03556372984b981c4ec63deb013,train/anemic/Image_606.png,13.49,61.07,294,82
Image_612,anemic,test,7.8,Moderate,12,Female,Komfo Anokye Teaching Hospital ,Ashanti,Ghana,faa23f2060286ba2ce3d39b5bf9ebe5e6aae27883724809fdeba52f2dd25728c,test/anemic/Image_612.png,22.05,73.39,199,70
Image_616,anemic,train,7.9,Moderate,24,Male,Ejusu Government Hospital,Ashanti,Ghana,286bff002fb2253173136c554d76c2ec3018b18cb57049b7c20e3ea05f5dd6a7,train/anemic/Image_616.png,12.98,57.53,172,51
Image_619,anemic,train,6.9,Severe,7,Male,Ahmadiyya Muslim Hospital,Bono-East,Ghana,95bc2cae7f9ff9feaf6ce787daed30b9c202ec2875dac351d97c6d499b57e48b,train/anemic/Image_619.png,8.01,46.17,356,99
Image_621,anemic,train,7.1,Moderate,12,Male,Sunyani Municipal Hospital,Bono,Ghana,95da0be80c5fe352c0c2cccef46eaad124bc5ecb1fe45bda9faa18227b3e8023,train/anemic/Image_621.png,9.71,45.68,184,60
Image_622,anemic,validation,8.6,Moderate,36,Male,Bolgatanga Regional Hospital,Upper East,Ghana,c6045bcc582fa1984cf448ab43ee12e95eea91be3777e98b9e8ef8c571f909c0,validation/anemic/Image_622.png,5.4,37.45,300,84
Image_632,non_anemic,validation,12.1,Non-Anemic,60,Male,Kintampo Municipal Hospital,Bono-East,Ghana,e4801ca42ee544c93cc01529187302f153b63dbe7c2ab74ff500eefadfd4f932,validation/non_anemic/Image_632.png,12.79,48.66,207,121
Image_638,anemic,train,9.2,Moderate,9,Male,Ejusu Government Hospital,Ashanti,Ghana,852b90d489302bb8cecf3491134abeaa5c327f021f59a779f92721535fc1b6f4,train/anemic/Image_638.png,9.82,51.22,336,85
Image_651,non_anemic,train,11.9,Non-Anemic,36,Male,Ahmadiyya Muslim Hospital,Bono-East,Ghana,8bfadf26093ca59df885c47bc5edd83ee02f98e904ccdc0aa0b7a5c82fa0cee7,train/non_anemic/Image_651.png,14.31,50.77,190,138
Image_654,non_anemic,train,12,Non-Anemic,24,Male,Ahmadiyya Muslim Hospital,Bono-East,Ghana,2ba2522a76089f438ddd9749c0503fb1619c62e34d2bab08f91bd5d821da8ff8,train/non_anemic/Image_654.png,15.28,62.74,283,106
Image_655,non_anemic,validation,12.01,Non-Anemic,48,Female,Bolgatanga Regional Hospital,Upper East,Ghana,4b0ba695ceee91e813718bbf760c52ae4d2c88a99b1a70d227feddbd70399368,validation/non_anemic/Image_655.png,14.71,61.58,279,90
Image_656,anemic,train,9,Moderate,12,Male,Komfo Anokye Teaching Hospital ,Ashanti,Ghana,9255d5912d7f76d6bf1120e2bf1ea2dd4ad9634e436f1b3ce7ba70a72ef209aa,train/anemic/Image_656.png,13.35,55.64,213,70
Image_658,anemic,train,9.5,Moderate,8,Male,Holy Family Hospital,Bono,Ghana,94b9268a77b68f26d47da0fe748db15b540d0761d0d58bb7bdd7487de4b08090,train/anemic/Image_658.png,6.1,35.23,274,91
Image_659,anemic,train,10.1,Mild,36,Female,Komfo Anokye Teaching Hospital ,Ashanti,Ghana,f5c053c8610ab15fdc4479c0fb482b26a0f56abe2f6a92a952bca4d74c51b5cd,train/anemic/Image_659.png,11.71,52.09,213,70
Image_662,anemic,train,10.3,Mild,12,Male,Kintampo Municipal Hospital,Bono-East,Ghana,efda81df603a9f00f1a28405a66fd3a5da58e9549b0e310135cb597717ede549,train/anemic/Image_662.png,8.26,42.31,205,76
Image_663,non_anemic,train,13.1,Non-Anemic,36,Male,Komfo Anokye Teaching Hospital ,Ashanti,Ghana,513b13ca8f96b8666ee63f454e1bb7f35c89662ea81d78d330f52b04508a79ef,train/non_anemic/Image_663.png,28.81,85.64,228,213
Image_665,anemic,test,10.6,Mild,12,Male,Komfo Anokye Teaching Hospital ,Ashanti,Ghana,699b1884e8efb240e326a85827db49e346b3ca49b17e0fe2ce6d435088697988,test/anemic/Image_665.png,6.34,30.55,285,69
Image_669,anemic,test,10.7,Mild,60,Male,Nkawie-Toase Government Hospital,Ashanti,Ghana,760ab8af8b2a215b87c808fca5909caf0ab21facca9dec61b303dd310d69c596,test/anemic/Image_669.png,18.94,66.41,181,70
Image_670,anemic,train,10.7,Mild,12,Female,Ahmadiyya Muslim Hospital,Bono-East,Ghana,16ff088bc7ad5bf03ca3ea6433bec463e56f7811958115403a9323b57a0bed4e,train/anemic/Image_670.png,19.43,67.12,135,99
Image_673,non_anemic,test,12.1,Non-Anemic,48,Female,Ahmadiyya Muslim Hospital,Bono-East,Ghana,00dbe01428db3326e383add9d2c711d5b52cad031d4c691bbb1ee20c7f439b68,test/non_anemic/Image_673.png,17.82,72.89,163,213
Image_681,anemic,train,8.7,Moderate,12,Female,Bolgatanga Regional Hospital,Upper East,Ghana,a08f0e479d8773fe321699b43cc628fb7095d000feeb24bcce0e073195ad33c2,train/anemic/Image_681.png,21.81,69.95,184,67
Image_682,non_anemic,test,12,Non-Anemic,48,Male,Komfo Anokye Teaching Hospital ,Ashanti,Ghana,f65b54d12ecf1cc73edb7e5415498eb6bc75088e748f49ab8a70e230b4fcf996,test/non_anemic/Image_682.png,18.69,64.87,192,82
Image_686,non_anemic,train,13.9,Non-Anemic,48,Male,Komfo Anokye Teaching Hospital ,Ashanti,Ghana,dee33955ff5727c49d83878075efdd37a92d7c159c3dfd4cfe7ec7ba436ea8c4,train/non_anemic/Image_686.png,13.84,57.24,172,37
Image_688,non_anemic,train,13.9,Non-Anemic,48,Female,Komfo Anokye Teaching Hospital ,Ashanti,Ghana,1bac61b9f2d7c24d46b120b8bdd96366091a6b44ab5e41ddf3019ab6b7de6028,train/non_anemic/Image_688.png,14.77,60.94,145,40
Image_697,non_anemic,train,14.8,Non-Anemic,12,Male,Kintampo Municipal Hospital,Bono-East,Ghana,630b1ee546a9f8df01aca59e0059598de8367709b13adc3cf874ed5f0bd15973,train/non_anemic/Image_697.png,14.74,62.8,278,84
Image_698,non_anemic,validation,14.9,Non-Anemic,12,Male,Nkawie-Toase Government Hospital,Ashanti,Ghana,122ea1ef4bb636b6a1ba277ae25054551e557329e388645170a810d3ba0109ba,validation/non_anemic/Image_698.png,8.15,42.69,336,106
Image_699,non_anemic,train,14.9,Non-Anemic,48,Male,Ahmadiyya Muslim Hospital,Bono-East,Ghana,4b1d055c5abafcc454108e85682a426ab00fb9b1dcad8974ab14a815d0acd4bf,train/non_anemic/Image_699.png,7.22,41.0,283,100
Image_700,non_anemic,train,15,Non-Anemic,12,Male,Ahmadiyya Muslim Hospital,Bono-East,Ghana,afa1c683247e84110b86817e38c721256d04a085d6dd86ee6f391bc2a179c50f,train/non_anemic/Image_700.png,14.39,64.77,262,63
Image_701,non_anemic,train,15,Non-Anemic,48,Male,Bolgatanga Regional Hospital,Upper East,Ghana,066ed428139034f8265930e330913205ffa8d561b1f657a01e1344c277ab305d,train/non_anemic/Image_701.png,9.5,53.56,268,63
Image_702,non_anemic,train,14.5,Non-Anemic,60,Female,Sunyani Municipal Hospital,Bono,Ghana,1a8a7520ebc56b251828c9b65897864eec5b6b5324d1212e20214e56d7aa2472,train/non_anemic/Image_702.png,17.79,60.13,189,132
Image_703,non_anemic,train,14.7,Non-Anemic,10,Male,Ahmadiyya Muslim Hospital,Bono-East,Ghana,8e54bf2c6060387e9b3009a76432b5f36afe3e8d8bdadddaf799457373d76ee9,train/non_anemic/Image_703.png,9.92,42.95,190,67
Image_707,non_anemic,test,11.47,Non-Anemic,48,Female,Ahmadiyya Muslim Hospital,Bono-East,Ghana,e7bc79e221084a8ceea393172de53b490c7050a9e18c3fe76d0de8216afe025e,test/non_anemic/Image_707.png,14.31,50.77,138,190
Image_708,non_anemic,test,11.6,Non-Anemic,60,Male,Komfo Anokye Teaching Hospital ,Ashanti,Ghana,f7a45a793ba041254f7e308650c80de302ccd218e7be5cfccf93316e42f9d0af,test/non_anemic/Image_708.png,17.37,61.0,180,63
Image_709,non_anemic,train,12.1,Non-Anemic,48,Male,Bolgatanga Regional Hospital,Upper East,Ghana,e93f34d0bcb31d1db47e4eb47084a3e68017166a55bda16cd77fcdb60f576f0f,train/non_anemic/Image_709.png,15.39,58.02,166,42
Image_710,non_anemic,train,11.7,Non-Anemic,24,Male,Ahmadiyya Muslim Hospital,Bono-East,Ghana,26dededd485ca8663033c10a57a1b41b733fcf20ebac4252a71ae890069cd114,train/non_anemic/Image_710.png,19.61,74.58,204,69
